index;Load(kN);Defor(mm);Stroke(mm);Time(s)
0;0;0;0;0
1;0;0.51;0;0.055
2;0;0.51;0;0.115
3;0;0.51;0.005;0.175
4;0.02;0.51;0.01;0.235
5;0.02;0.512;0.015;0.295
6;0.02;0.512;0.02;0.355
7;0.04;0.512;0.025;0.415
8;0.04;0.512;0.029;0.475
9;0.06;0.512;0.035;0.535
10;0.06;0.514;0.04;0.595
11;0.06;0.514;0.044;0.655
12;0.06;0.514;0.05;0.715
13;0.06;0.514;0.055;0.775
14;0.06;0.514;0.059;0.835
15;0.06;0.514;0.064;0.895
16;0.06;0.514;0.069;0.955
17;0.06;0.514;0.074;1.015
18;0.06;0.514;0.079;1.075
19;0.06;0.514;0.084;1.135
20;0.06;0.514;0.089;1.195
21;0.06;0.514;0.094;1.255
22;0.06;0.514;0.099;1.315
23;0.06;0.514;0.104;1.375
24;0.06;0.514;0.109;1.435
25;0.06;0.514;0.114;1.495
26;0.06;0.514;0.119;1.555
27;0.06;0.514;0.124;1.615
28;0.06;0.514;0.129;1.675
29;0.06;0.514;0.134;1.735
30;0.06;0.514;0.139;1.795
31;0.06;0.514;0.144;1.855
32;0.06;0.514;0.149;1.915
33;0.06;0.514;0.154;1.975
34;0.06;0.514;0.159;2.035
35;0.06;0.514;0.164;2.095
36;0.06;0.514;0.169;2.155
37;0.06;0.514;0.174;2.215
38;0.06;0.514;0.179;2.275
39;0.06;0.514;0.184;2.335
40;0.06;0.514;0.189;2.395
41;0.06;0.514;0.194;2.455
42;0.06;0.514;0.199;2.515
43;0.06;0.516;0.204;2.575
44;0.06;0.516;0.209;2.635
45;0.06;0.516;0.214;2.695
46;0.06;0.514;0.219;2.755
47;0.06;0.516;0.224;2.815
48;0.06;0.516;0.229;2.875
49;0.06;0.516;0.234;2.935
50;0.06;0.514;0.239;2.995
51;0.06;0.516;0.244;3.055
52;0.06;0.516;0.249;3.115
53;0.06;0.516;0.254;3.175
54;0.06;0.516;0.259;3.235
55;0.06;0.516;0.264;3.295
56;0.06;0.516;0.269;3.355
57;0.06;0.516;0.274;3.415
58;0.06;0.516;0.279;3.475
59;0.06;0.516;0.284;3.535
60;0.06;0.516;0.289;3.595
61;0.06;0.516;0.294;3.655
62;0.06;0.516;0.299;3.715
63;0.06;0.516;0.304;3.775
64;0.06;0.516;0.309;3.835
65;0.06;0.516;0.314;3.895
66;0.06;0.516;0.319;3.955
67;0.06;0.516;0.324;4.015
68;0.06;0.516;0.329;4.075
69;0.06;0.516;0.334;4.135
70;0.06;0.516;0.339;4.195
71;0.06;0.516;0.344;4.255
72;0.06;0.516;0.349;4.315
73;0.06;0.516;0.354;4.375
74;0.08;0.516;0.359;4.435
75;0.06;0.516;0.364;4.495
76;0.08;0.516;0.369;4.555
77;0.06;0.516;0.374;4.615
78;0.06;0.516;0.379;4.675
79;0.06;0.516;0.384;4.735
80;0.06;0.516;0.389;4.795
81;0.06;0.516;0.394;4.855
82;0.06;0.516;0.397;4.915
83;0.06;0.516;0.404;4.975
84;0.06;0.516;0.407;5.035
85;0.06;0.516;0.414;5.095
86;0.06;0.518;0.419;5.155
87;0.06;0.516;0.422;5.215
88;0.08;0.516;0.427;5.275
89;0.06;0.516;0.433;5.335
90;0.06;0.516;0.439;5.395
91;0.08;0.516;0.442;5.455
92;0.08;0.516;0.447;5.515
93;0.08;0.516;0.452;5.575
94;0.08;0.516;0.457;5.635
95;0.08;0.516;0.462;5.695
96;0.08;0.516;0.468;5.755
97;0.08;0.516;0.472;5.815
98;0.08;0.516;0.477;5.875
99;0.08;0.516;0.482;5.935
100;0.08;0.518;0.487;5.995
101;0.08;0.516;0.492;6.055
102;0.08;0.516;0.498;6.115
103;0.08;0.516;0.502;6.175
104;0.08;0.518;0.507;6.235
105;0.08;0.516;0.512;6.295
106;0.08;0.516;0.517;6.355
107;0.08;0.516;0.522;6.415
108;0.08;0.516;0.527;6.475
109;0.1;0.516;0.532;6.535
110;0.1;0.516;0.537;6.595
111;0.1;0.516;0.542;6.655
112;0.12;0.516;0.548;6.715
113;0.12;0.516;0.553;6.775
114;0.14;0.516;0.558;6.835
115;0.16;0.516;0.562;6.895
116;0.18;0.516;0.567;6.955
117;0.2;0.516;0.572;7.015
118;0.22;0.516;0.577;7.075
119;0.24;0.516;0.582;7.135
120;0.28;0.516;0.587;7.195
121;0.3;0.516;0.592;7.255
122;0.34;0.514;0.597;7.315
123;0.38;0.514;0.602;7.375
124;0.4;0.514;0.607;7.435
125;0.46;0.514;0.613;7.495
126;0.5;0.514;0.618;7.555
127;0.54;0.514;0.623;7.615
128;0.6;0.514;0.627;7.675
129;0.66;0.514;0.632;7.735
130;0.7;0.514;0.637;7.795
131;0.76;0.514;0.642;7.855
132;0.82;0.514;0.647;7.915
133;0.88;0.514;0.652;7.975
134;0.94;0.514;0.657;8.035
135;1;0.514;0.662;8.095
136;1.08;0.514;0.667;8.155
137;1.14;0.514;0.673;8.215
138;1.2;0.514;0.678;8.275
139;1.28;0.514;0.681;8.335
140;1.34;0.512;0.688;8.395
141;1.42;0.514;0.692;8.455
142;1.48;0.514;0.697;8.515
143;1.56;0.514;0.701;8.575
144;1.62;0.514;0.707;8.635
145;1.7;0.514;0.711;8.695
146;1.78;0.514;0.716;8.755
147;1.84;0.514;0.721;8.815
148;1.92;0.514;0.726;8.875
149;2;0.514;0.731;8.935
150;2.06;0.514;0.736;8.995
151;2.14;0.514;0.741;9.055
152;2.22;0.514;0.746;9.115
153;2.3;0.514;0.751;9.175
154;2.36;0.514;0.756;9.235
155;2.44;0.516;0.761;9.295
156;2.52;0.516;0.766;9.355
157;2.58;0.516;0.771;9.415
158;2.64;0.516;0.776;9.475
159;2.72;0.516;0.781;9.535
160;2.78;0.516;0.786;9.595
161;2.82;0.516;0.791;9.655
162;2.86;0.516;0.796;9.715
163;2.88;0.516;0.801;9.775
164;2.9;0.516;0.806;9.835
165;2.9;0.516;0.811;9.895
166;2.88;0.516;0.816;9.955
167;2.78;0.516;0.821;10.015
168;2.8;0.516;0.826;10.075
169;2.8;0.516;0.831;10.135
170;2.84;0.516;0.836;10.195
171;2.88;0.516;0.841;10.255
172;2.92;0.516;0.846;10.315
173;2.98;0.516;0.851;10.375
174;3.02;0.516;0.856;10.435
175;3.08;0.516;0.861;10.495
176;3.12;0.518;0.866;10.555
177;3.18;0.516;0.871;10.615
178;3.24;0.518;0.876;10.675
179;3.3;0.518;0.881;10.735
180;3.34;0.516;0.886;10.795
181;3.4;0.518;0.891;10.855
182;3.46;0.518;0.896;10.915
183;3.52;0.518;0.901;10.975
184;3.56;0.518;0.906;11.035
185;3.62;0.518;0.911;11.095
186;3.66;0.518;0.916;11.155
187;3.7;0.518;0.921;11.215
188;3.66;0.518;0.926;11.275
189;3.62;0.518;0.931;11.335
190;3.62;0.518;0.936;11.395
191;3.62;0.518;0.941;11.455
192;3.62;0.518;0.946;11.515
193;3.64;0.518;0.951;11.575
194;3.66;0.518;0.956;11.635
195;3.68;0.518;0.961;11.695
196;3.72;0.52;0.966;11.755
197;3.74;0.52;0.971;11.815
198;3.76;0.52;0.976;11.875
199;3.78;0.52;0.981;11.935
200;3.8;0.518;0.986;11.995
201;3.84;0.52;0.991;12.055
202;3.86;0.518;0.996;12.115
203;3.9;0.52;1.001;12.175
204;3.94;0.52;1.006;12.235
205;3.98;0.52;1.011;12.295
206;4.02;0.52;1.016;12.355
207;4.06;0.52;1.02;12.415
208;4.1;0.52;1.026;12.475
209;4.14;0.52;1.03;12.535
210;4.18;0.52;1.036;12.595
211;4.22;0.522;1.04;12.655
212;4.26;0.522;1.046;12.715
213;4.3;0.522;1.05;12.775
214;4.34;0.522;1.056;12.835
215;4.38;0.522;1.06;12.895
216;4.42;0.522;1.066;12.955
217;4.46;0.522;1.07;13.015
218;4.5;0.522;1.076;13.075
219;4.56;0.522;1.08;13.135
220;4.6;0.522;1.086;13.195
221;4.64;0.522;1.09;13.255
222;4.68;0.522;1.096;13.315
223;4.74;0.524;1.1;13.375
224;4.78;0.522;1.106;13.435
225;4.82;0.524;1.11;13.495
226;4.88;0.524;1.116;13.555
227;4.92;0.524;1.12;13.615
228;4.96;0.524;1.126;13.675
229;5.02;0.524;1.13;13.735
230;5.06;0.524;1.135;13.795
231;5.1;0.524;1.14;13.855
232;5.16;0.526;1.145;13.915
233;5.2;0.526;1.15;13.975
234;5.26;0.526;1.155;14.035
235;5.3;0.526;1.16;14.095
236;5.34;0.526;1.165;14.155
237;5.4;0.526;1.17;14.215
238;5.44;0.526;1.175;14.275
239;5.5;0.526;1.18;14.335
240;5.54;0.526;1.185;14.395
241;5.58;0.528;1.19;14.455
242;5.64;0.528;1.195;14.515
243;5.68;0.528;1.2;14.575
244;5.74;0.528;1.205;14.635
245;5.78;0.528;1.21;14.695
246;5.84;0.528;1.215;14.755
247;5.88;0.528;1.22;14.815
248;5.94;0.528;1.225;14.875
249;5.98;0.53;1.23;14.935
250;6.02;0.53;1.235;14.995
251;6.08;0.53;1.24;15.055
252;6.12;0.53;1.245;15.115
253;6.18;0.53;1.25;15.175
254;6.22;0.53;1.255;15.235
255;6.26;0.53;1.26;15.295
256;6.32;0.53;1.265;15.355
257;6.36;0.532;1.27;15.415
258;6.42;0.532;1.275;15.475
259;6.46;0.532;1.28;15.535
260;6.52;0.532;1.285;15.595
261;6.56;0.532;1.29;15.655
262;6.62;0.532;1.295;15.715
263;6.66;0.532;1.3;15.775
264;6.7;0.534;1.305;15.835
265;6.76;0.532;1.31;15.895
266;6.82;0.534;1.315;15.955
267;6.86;0.534;1.32;16.015
268;6.9;0.534;1.325;16.075
269;6.96;0.534;1.33;16.135
270;7;0.534;1.335;16.195
271;7.06;0.534;1.34;16.255
272;7.1;0.534;1.345;16.315
273;7.16;0.534;1.35;16.375
274;7.2;0.536;1.355;16.435
275;7.24;0.536;1.36;16.495
276;7.3;0.536;1.365;16.555
277;7.34;0.536;1.37;16.615
278;7.4;0.536;1.375;16.675
279;7.44;0.536;1.38;16.735
280;7.5;0.538;1.385;16.795
281;7.54;0.538;1.39;16.855
282;7.6;0.536;1.395;16.915
283;7.64;0.538;1.4;16.975
284;7.7;0.538;1.405;17.035
285;7.74;0.538;1.41;17.095
286;7.8;0.538;1.415;17.155
287;7.84;0.538;1.42;17.215
288;7.88;0.54;1.425;17.275
289;7.94;0.54;1.43;17.335
290;7.98;0.54;1.435;17.395
291;8.04;0.54;1.44;17.455
292;8.08;0.54;1.445;17.515
293;8.14;0.54;1.45;17.575
294;8.18;0.54;1.455;17.635
295;8.24;0.54;1.46;17.695
296;8.28;0.54;1.465;17.755
297;8.34;0.542;1.47;17.815
298;8.38;0.542;1.475;17.875
299;8.44;0.542;1.48;17.935
300;8.48;0.542;1.485;17.995
301;8.54;0.542;1.49;18.055
302;8.58;0.542;1.495;18.115
303;8.64;0.544;1.5;18.175
304;8.7;0.544;1.505;18.235
305;8.74;0.544;1.51;18.295
306;8.8;0.544;1.515;18.355
307;8.84;0.544;1.52;18.415
308;8.9;0.544;1.525;18.475
309;8.94;0.544;1.53;18.535
310;9;0.544;1.535;18.595
311;9.04;0.544;1.54;18.655
312;9.1;0.546;1.545;18.715
313;9.14;0.546;1.55;18.775
314;9.2;0.546;1.555;18.835
315;9.24;0.546;1.56;18.895
316;9.3;0.548;1.565;18.955
317;9.34;0.546;1.57;19.015
318;9.4;0.546;1.575;19.075
319;9.44;0.548;1.58;19.135
320;9.5;0.548;1.585;19.195
321;9.54;0.548;1.59;19.255
322;9.6;0.548;1.595;19.315
323;9.64;0.548;1.6;19.375
324;9.7;0.548;1.605;19.435
325;9.76;0.548;1.61;19.495
326;9.8;0.55;1.615;19.555
327;9.86;0.55;1.62;19.615
328;9.9;0.55;1.625;19.675
329;9.96;0.55;1.63;19.735
330;10;0.55;1.635;19.795
331;10.04;0.55;1.64;19.855
332;10.1;0.55;1.645;19.915
333;10.14;0.552;1.65;19.975
334;10.2;0.552;1.655;20.035
335;10.24;0.552;1.66;20.095
336;10.3;0.552;1.665;20.155
337;10.34;0.552;1.67;20.215
338;10.4;0.552;1.675;20.275
339;10.46;0.552;1.68;20.335
340;10.5;0.554;1.685;20.395
341;10.56;0.554;1.69;20.455
342;10.6;0.554;1.695;20.515
343;10.66;0.554;1.7;20.575
344;10.72;0.554;1.705;20.635
345;10.76;0.554;1.71;20.695
346;10.8;0.554;1.715;20.755
347;10.86;0.556;1.72;20.815
348;10.92;0.554;1.725;20.875
349;10.96;0.556;1.73;20.935
350;11;0.556;1.735;20.995
351;11.06;0.556;1.74;21.055
352;11.12;0.556;1.745;21.115
353;11.16;0.556;1.75;21.175
354;11.2;0.556;1.755;21.235
355;11.26;0.558;1.76;21.295
356;11.32;0.556;1.765;21.355
357;11.36;0.558;1.77;21.415
358;11.42;0.558;1.775;21.475
359;11.48;0.558;1.78;21.535
360;11.52;0.558;1.785;21.595
361;11.58;0.558;1.79;21.655
362;11.62;0.558;1.795;21.715
363;11.68;0.558;1.8;21.775
364;11.72;0.56;1.805;21.835
365;11.78;0.56;1.81;21.895
366;11.84;0.56;1.815;21.955
367;11.9;0.56;1.82;22.015
368;11.94;0.56;1.825;22.075
369;12;0.56;1.83;22.135
370;12.04;0.56;1.835;22.195
371;12.1;0.562;1.84;22.255
372;12.14;0.562;1.845;22.315
373;12.2;0.562;1.85;22.375
374;12.26;0.562;1.855;22.435
375;12.3;0.562;1.86;22.495
376;12.36;0.562;1.865;22.555
377;12.4;0.564;1.87;22.615
378;12.46;0.564;1.875;22.675
379;12.52;0.564;1.88;22.735
380;12.56;0.564;1.885;22.795
381;12.62;0.564;1.89;22.855
382;12.68;0.564;1.895;22.915
383;12.72;0.564;1.9;22.975
384;12.78;0.566;1.905;23.035
385;12.82;0.564;1.91;23.095
386;12.88;0.564;1.915;23.155
387;12.94;0.566;1.92;23.215
388;13;0.566;1.925;23.275
389;13.04;0.566;1.93;23.335
390;13.1;0.566;1.935;23.395
391;13.16;0.566;1.94;23.455
392;13.2;0.568;1.945;23.515
393;13.26;0.566;1.95;23.575
394;13.32;0.568;1.955;23.635
395;13.36;0.568;1.96;23.695
396;13.42;0.568;1.965;23.755
397;13.48;0.568;1.97;23.815
398;13.52;0.568;1.975;23.875
399;13.58;0.57;1.98;23.935
400;13.64;0.57;1.985;23.995
401;13.68;0.57;1.99;24.055
402;13.74;0.57;1.995;24.115
403;13.8;0.57;2;24.175
404;13.86;0.57;2.005;24.235
405;13.9;0.57;2.01;24.295
406;13.96;0.57;2.015;24.355
407;14;0.572;2.02;24.415
408;14.06;0.57;2.025;24.475
409;14.12;0.572;2.03;24.535
410;14.16;0.572;2.035;24.595
411;14.22;0.572;2.04;24.655
412;14.28;0.574;2.045;24.715
413;14.34;0.574;2.05;24.775
414;14.38;0.572;2.055;24.835
415;14.44;0.574;2.06;24.895
416;14.5;0.574;2.065;24.955
417;14.54;0.574;2.07;25.015
418;14.6;0.574;2.075;25.075
419;14.66;0.574;2.08;25.135
420;14.7;0.574;2.085;25.195
421;14.76;0.574;2.09;25.255
422;14.82;0.576;2.095;25.315
423;14.86;0.576;2.1;25.375
424;14.92;0.576;2.105;25.435
425;14.98;0.576;2.11;25.495
426;15.02;0.576;2.115;25.555
427;15.08;0.578;2.12;25.615
428;15.12;0.576;2.125;25.675
429;15.18;0.578;2.13;25.735
430;15.24;0.578;2.135;25.795
431;15.3;0.578;2.14;25.855
432;15.34;0.578;2.145;25.915
433;15.4;0.578;2.15;25.975
434;15.46;0.578;2.155;26.035
435;15.5;0.578;2.159;26.095
436;15.56;0.58;2.165;26.155
437;15.62;0.58;2.169;26.215
438;15.68;0.58;2.175;26.275
439;15.72;0.58;2.179;26.335
440;15.78;0.58;2.185;26.395
441;15.84;0.58;2.189;26.455
442;15.9;0.582;2.195;26.515
443;15.94;0.582;2.2;26.575
444;16;0.582;2.205;26.635
445;16.06;0.582;2.21;26.695
446;16.1;0.582;2.215;26.755
447;16.16;0.582;2.217;26.815
448;16.2;0.582;2.222;26.875
449;16.26;0.582;2.227;26.935
450;16.32;0.584;2.232;26.995
451;16.38;0.584;2.237;27.055
452;16.42;0.584;2.243;27.115
453;16.48;0.584;2.247;27.175
454;16.54;0.584;2.253;27.235
455;16.58;0.584;2.257;27.295
456;16.64;0.586;2.263;27.355
457;16.7;0.586;2.267;27.415
458;16.76;0.586;2.273;27.475
459;16.8;0.586;2.277;27.535
460;16.86;0.586;2.283;27.595
461;16.92;0.586;2.287;27.655
462;16.98;0.586;2.293;27.715
463;17.04;0.586;2.297;27.775
464;17.08;0.586;2.303;27.835
465;17.14;0.588;2.307;27.895
466;17.2;0.588;2.312;27.955
467;17.26;0.588;2.317;28.015
468;17.32;0.588;2.322;28.075
469;17.36;0.588;2.327;28.135
470;17.42;0.59;2.332;28.195
471;17.48;0.59;2.337;28.255
472;17.54;0.59;2.342;28.315
473;17.6;0.59;2.347;28.375
474;17.64;0.59;2.352;28.435
475;17.7;0.59;2.357;28.495
476;17.76;0.592;2.362;28.555
477;17.82;0.592;2.367;28.615
478;17.88;0.592;2.372;28.675
479;17.92;0.592;2.378;28.735
480;17.98;0.592;2.382;28.795
481;18.04;0.592;2.388;28.855
482;18.1;0.592;2.392;28.915
483;18.14;0.592;2.398;28.975
484;18.2;0.594;2.402;29.035
485;18.26;0.594;2.408;29.095
486;18.32;0.594;2.412;29.155
487;18.38;0.594;2.418;29.215
488;18.42;0.594;2.422;29.275
489;18.48;0.594;2.428;29.335
490;18.54;0.596;2.432;29.395
491;18.6;0.596;2.438;29.455
492;18.66;0.596;2.442;29.515
493;18.72;0.596;2.447;29.575
494;18.76;0.596;2.452;29.635
495;18.82;0.596;2.457;29.695
496;18.88;0.596;2.461;29.755
497;18.94;0.598;2.467;29.815
498;19;0.598;2.471;29.875
499;19.06;0.598;2.476;29.935
500;19.12;0.598;2.481;29.995
501;19.18;0.598;2.486;30.055
502;19.22;0.598;2.491;30.115
503;19.28;0.598;2.496;30.175
504;19.34;0.598;2.501;30.235
505;19.4;0.598;2.506;30.295
506;19.46;0.6;2.511;30.355
507;19.52;0.6;2.516;30.415
508;19.58;0.6;2.521;30.475
509;19.62;0.6;2.526;30.535
510;19.68;0.6;2.531;30.595
511;19.74;0.602;2.536;30.655
512;19.8;0.602;2.541;30.715
513;19.86;0.602;2.546;30.775
514;19.92;0.602;2.551;30.835
515;19.98;0.602;2.556;30.895
516;20.04;0.602;2.561;30.955
517;20.08;0.604;2.566;31.015
518;20.14;0.604;2.571;31.075
519;20.2;0.604;2.576;31.135
520;20.26;0.604;2.581;31.195
521;20.32;0.604;2.586;31.255
522;20.36;0.604;2.591;31.315
523;20.42;0.604;2.596;31.375
524;20.48;0.606;2.601;31.435
525;20.54;0.606;2.606;31.495
526;20.6;0.606;2.611;31.555
527;20.66;0.606;2.616;31.615
528;20.72;0.606;2.621;31.675
529;20.76;0.606;2.626;31.735
530;20.82;0.606;2.631;31.795
531;20.9;0.608;2.636;31.855
532;20.94;0.608;2.641;31.915
533;21;0.608;2.646;31.975
534;21.06;0.608;2.651;32.035
535;21.12;0.608;2.656;32.095
536;21.18;0.608;2.661;32.155
537;21.24;0.608;2.666;32.215
538;21.3;0.61;2.671;32.275
539;21.36;0.61;2.676;32.335
540;21.42;0.61;2.681;32.395
541;21.48;0.61;2.686;32.455
542;21.54;0.61;2.691;32.515
543;21.6;0.61;2.696;32.575
544;21.66;0.612;2.701;32.635
545;21.72;0.612;2.706;32.695
546;21.78;0.612;2.711;32.755
547;21.82;0.612;2.716;32.815
548;21.88;0.612;2.721;32.875
549;21.96;0.612;2.726;32.935
550;22;0.612;2.731;32.995
551;22.06;0.614;2.736;33.055
552;22.12;0.614;2.741;33.115
553;22.18;0.614;2.746;33.175
554;22.24;0.614;2.751;33.235
555;22.3;0.614;2.756;33.295
556;22.36;0.614;2.761;33.355
557;22.42;0.616;2.766;33.415
558;22.48;0.616;2.771;33.475
559;22.54;0.616;2.776;33.535
560;22.58;0.616;2.781;33.595
561;22.64;0.616;2.786;33.655
562;22.7;0.616;2.791;33.715
563;22.76;0.616;2.796;33.775
564;22.82;0.616;2.801;33.835
565;22.88;0.616;2.806;33.895
566;22.94;0.618;2.811;33.955
567;23;0.618;2.816;34.015
568;23.06;0.618;2.821;34.075
569;23.12;0.618;2.826;34.135
570;23.18;0.62;2.831;34.195
571;23.22;0.62;2.836;34.255
572;23.3;0.62;2.841;34.315
573;23.36;0.62;2.846;34.375
574;23.42;0.62;2.851;34.435
575;23.48;0.62;2.856;34.495
576;23.54;0.62;2.861;34.555
577;23.6;0.62;2.866;34.615
578;23.64;0.622;2.871;34.675
579;23.7;0.622;2.876;34.735
580;23.76;0.622;2.881;34.795
581;23.82;0.622;2.886;34.855
582;23.88;0.622;2.891;34.915
583;23.94;0.622;2.896;34.975
584;24;0.624;2.901;35.035
585;24.06;0.624;2.906;35.095
586;24.12;0.624;2.911;35.155
587;24.18;0.624;2.916;35.215
588;24.24;0.624;2.921;35.275
589;24.3;0.624;2.926;35.335
590;24.36;0.626;2.931;35.395
591;24.42;0.624;2.936;35.455
592;24.48;0.626;2.941;35.515
593;24.54;0.626;2.946;35.575
594;24.6;0.626;2.951;35.635
595;24.66;0.626;2.956;35.695
596;24.72;0.628;2.961;35.755
597;24.78;0.628;2.966;35.815
598;24.84;0.628;2.971;35.875
599;24.9;0.628;2.976;35.935
600;24.96;0.628;2.981;35.995
601;25.02;0.628;2.986;36.055
602;25.06;0.628;2.991;36.115
603;25.12;0.628;2.996;36.175
604;25.18;0.63;3.001;36.235
605;25.24;0.63;3.006;36.295
606;25.3;0.63;3.011;36.355
607;25.36;0.63;3.016;36.415
608;25.42;0.63;3.021;36.475
609;25.48;0.632;3.026;36.535
610;25.54;0.632;3.031;36.595
611;25.6;0.632;3.036;36.655
612;25.66;0.632;3.041;36.715
613;25.72;0.632;3.046;36.775
614;25.78;0.632;3.05;36.835
615;25.84;0.634;3.056;36.895
616;25.9;0.634;3.061;36.955
617;25.96;0.634;3.066;37.015
618;26.02;0.634;3.071;37.075
619;26.08;0.634;3.076;37.135
620;26.14;0.634;3.081;37.195
621;26.2;0.634;3.086;37.255
622;26.26;0.636;3.091;37.315
623;26.32;0.634;3.096;37.375
624;26.38;0.636;3.101;37.435
625;26.44;0.636;3.106;37.495
626;26.5;0.636;3.11;37.555
627;26.56;0.636;3.116;37.615
628;26.62;0.636;3.12;37.675
629;26.68;0.638;3.126;37.735
630;26.74;0.638;3.13;37.795
631;26.8;0.638;3.135;37.855
632;26.86;0.638;3.14;37.915
633;26.92;0.638;3.145;37.975
634;26.98;0.64;3.15;38.035
635;27.04;0.64;3.155;38.095
636;27.1;0.64;3.16;38.155
637;27.16;0.64;3.165;38.215
638;27.22;0.64;3.17;38.275
639;27.28;0.64;3.175;38.335
640;27.34;0.64;3.18;38.395
641;27.4;0.642;3.185;38.455
642;27.46;0.642;3.19;38.515
643;27.52;0.642;3.195;38.575
644;27.58;0.642;3.2;38.635
645;27.64;0.642;3.205;38.695
646;27.72;0.642;3.21;38.755
647;27.78;0.642;3.215;38.815
648;27.84;0.644;3.22;38.875
649;27.9;0.644;3.226;38.935
650;27.96;0.644;3.23;38.995
651;28.02;0.644;3.236;39.055
652;28.08;0.644;3.24;39.115
653;28.14;0.644;3.246;39.175
654;28.2;0.646;3.25;39.235
655;28.26;0.646;3.255;39.295
656;28.32;0.646;3.26;39.355
657;28.38;0.646;3.265;39.415
658;28.44;0.646;3.27;39.475
659;28.5;0.646;3.275;39.535
660;28.56;0.648;3.28;39.595
661;28.62;0.648;3.285;39.655
662;28.68;0.648;3.29;39.715
663;28.74;0.648;3.295;39.775
664;28.8;0.648;3.3;39.835
665;28.86;0.648;3.305;39.895
666;28.92;0.65;3.31;39.955
667;28.98;0.65;3.315;40.015
668;29.04;0.65;3.32;40.075
669;29.1;0.65;3.325;40.135
670;29.16;0.65;3.33;40.195
671;29.22;0.65;3.335;40.255
672;29.28;0.65;3.34;40.315
673;29.34;0.652;3.345;40.375
674;29.4;0.652;3.35;40.435
675;29.48;0.652;3.355;40.495
676;29.54;0.652;3.36;40.555
677;29.6;0.652;3.365;40.615
678;29.66;0.652;3.37;40.675
679;29.72;0.654;3.375;40.735
680;29.78;0.652;3.38;40.795
681;29.84;0.654;3.385;40.855
682;29.9;0.654;3.39;40.915
683;29.96;0.654;3.395;40.975
684;30.02;0.654;3.4;41.035
685;30.08;0.654;3.405;41.095
686;30.14;0.656;3.409;41.155
687;30.2;0.656;3.415;41.215
688;30.26;0.656;3.419;41.275
689;30.32;0.656;3.425;41.335
690;30.38;0.656;3.429;41.395
691;30.44;0.656;3.434;41.455
692;30.5;0.658;3.439;41.515
693;30.56;0.658;3.444;41.575
694;30.62;0.658;3.45;41.635
695;30.68;0.658;3.454;41.695
696;30.74;0.658;3.459;41.755
697;30.8;0.658;3.464;41.815
698;30.88;0.66;3.469;41.875
699;30.94;0.66;3.474;41.935
700;31;0.66;3.479;41.995
701;31.06;0.66;3.484;42.055
702;31.12;0.66;3.489;42.115
703;31.18;0.66;3.494;42.175
704;31.24;0.662;3.499;42.235
705;31.3;0.662;3.504;42.295
706;31.36;0.662;3.509;42.355
707;31.42;0.662;3.514;42.415
708;31.48;0.662;3.519;42.475
709;31.54;0.662;3.524;42.535
710;31.6;0.664;3.529;42.595
711;31.62;0.664;3.531;42.655
712;31.68;0.664;3.536;42.715
713;31.76;0.664;3.541;42.775
714;31.82;0.664;3.546;42.835
715;31.9;0.664;3.551;42.895
716;31.96;0.666;3.556;42.955
717;32.02;0.666;3.561;43.015
718;32.08;0.666;3.566;43.075
719;32.14;0.666;3.571;43.135
720;32.2;0.666;3.576;43.195
721;32.28;0.666;3.581;43.255
722;32.34;0.666;3.586;43.315
723;32.4;0.666;3.591;43.375
724;32.46;0.668;3.596;43.435
725;32.52;0.668;3.601;43.495
726;32.58;0.668;3.606;43.555
727;32.64;0.668;3.611;43.615
728;32.7;0.668;3.616;43.675
729;32.76;0.67;3.621;43.735
730;32.82;0.67;3.626;43.795
731;32.9;0.67;3.631;43.855
732;32.94;0.67;3.636;43.915
733;33.02;0.67;3.641;43.975
734;33.08;0.67;3.646;44.035
735;33.14;0.67;3.651;44.095
736;33.2;0.672;3.656;44.155
737;33.26;0.672;3.661;44.215
738;33.32;0.672;3.666;44.275
739;33.38;0.672;3.671;44.335
740;33.44;0.672;3.676;44.395
741;33.5;0.672;3.681;44.455
742;33.56;0.672;3.686;44.515
743;33.62;0.672;3.691;44.575
744;33.68;0.674;3.696;44.635
745;33.74;0.674;3.7;44.695
746;33.82;0.674;3.706;44.755
747;33.88;0.674;3.711;44.815
748;33.94;0.674;3.716;44.875
749;34;0.676;3.721;44.935
750;34.06;0.676;3.726;44.995
751;34.12;0.676;3.731;45.055
752;34.18;0.676;3.736;45.115
753;34.24;0.676;3.741;45.175
754;34.32;0.678;3.746;45.235
755;34.38;0.678;3.751;45.295
756;34.44;0.678;3.756;45.355
757;34.5;0.678;3.761;45.415
758;34.56;0.678;3.766;45.475
759;34.62;0.678;3.771;45.535
760;34.7;0.678;3.776;45.595
761;34.76;0.68;3.781;45.655
762;34.82;0.68;3.786;45.715
763;34.88;0.68;3.791;45.775
764;34.94;0.68;3.796;45.835
765;35;0.682;3.801;45.895
766;35.06;0.682;3.806;45.955
767;35.12;0.682;3.811;46.015
768;35.18;0.682;3.816;46.075
769;35.24;0.682;3.821;46.135
770;35.3;0.682;3.826;46.195
771;35.36;0.682;3.831;46.255
772;35.42;0.682;3.836;46.315
773;35.48;0.682;3.841;46.375
774;35.56;0.684;3.846;46.435
775;35.62;0.684;3.851;46.495
776;35.68;0.684;3.856;46.555
777;35.74;0.684;3.861;46.615
778;35.8;0.684;3.866;46.675
779;35.86;0.686;3.871;46.735
780;35.92;0.686;3.876;46.795
781;36;0.686;3.881;46.855
782;36.06;0.686;3.886;46.915
783;36.12;0.688;3.89;46.975
784;36.18;0.688;3.896;47.035
785;36.24;0.688;3.9;47.095
786;36.3;0.688;3.906;47.155
787;36.36;0.688;3.91;47.215
788;36.42;0.688;3.916;47.275
789;36.5;0.688;3.92;47.335
790;36.56;0.688;3.926;47.395
791;36.62;0.69;3.93;47.455
792;36.68;0.69;3.936;47.515
793;36.74;0.69;3.94;47.575
794;36.8;0.69;3.946;47.635
795;36.86;0.69;3.95;47.695
796;36.94;0.69;3.956;47.755
797;37;0.692;3.96;47.815
798;37.06;0.692;3.966;47.875
799;37.12;0.692;3.971;47.935
800;37.18;0.692;3.976;47.995
801;37.24;0.692;3.981;48.055
802;37.3;0.692;3.986;48.115
803;37.36;0.694;3.991;48.175
804;37.42;0.694;3.996;48.235
805;37.48;0.694;4;48.295
806;37.54;0.694;4.006;48.355
807;37.62;0.694;4.01;48.415
808;37.66;0.694;4.016;48.475
809;37.74;0.696;4.02;48.535
810;37.8;0.696;4.025;48.595
811;37.86;0.696;4.03;48.655
812;37.92;0.696;4.035;48.715
813;38;0.696;4.04;48.775
814;38.06;0.696;4.045;48.835
815;38.12;0.696;4.05;48.895
816;38.18;0.698;4.055;48.955
817;38.24;0.698;4.06;49.015
818;38.3;0.698;4.065;49.075
819;38.36;0.698;4.07;49.135
820;38.44;0.7;4.075;49.195
821;38.5;0.7;4.08;49.255
822;38.56;0.7;4.085;49.315
823;38.62;0.7;4.09;49.375
824;38.68;0.7;4.095;49.435
825;38.74;0.7;4.1;49.495
826;38.8;0.702;4.105;49.555
827;38.88;0.702;4.11;49.615
828;38.94;0.702;4.115;49.675
829;39;0.702;4.12;49.735
830;39.06;0.702;4.125;49.795
831;39.12;0.704;4.13;49.855
832;39.18;0.702;4.135;49.915
833;39.26;0.704;4.14;49.975
834;39.32;0.704;4.145;50.035
835;39.38;0.704;4.15;50.095
836;39.44;0.704;4.155;50.155
837;39.5;0.704;4.16;50.215
838;39.56;0.704;4.165;50.275
839;39.64;0.706;4.17;50.335
840;39.7;0.706;4.175;50.395
841;39.76;0.706;4.18;50.455
842;39.82;0.706;4.185;50.515
843;39.88;0.706;4.19;50.575
844;39.94;0.706;4.195;50.635
845;40.02;0.708;4.2;50.695
846;40.08;0.708;4.205;50.755
847;40.14;0.708;4.21;50.815
848;40.2;0.708;4.215;50.875
849;40.26;0.708;4.22;50.935
850;40.32;0.708;4.225;50.995
851;40.38;0.71;4.23;51.055
852;40.44;0.71;4.235;51.115
853;40.52;0.71;4.24;51.175
854;40.58;0.71;4.245;51.235
855;40.64;0.71;4.25;51.295
856;40.7;0.712;4.255;51.355
857;40.76;0.712;4.26;51.415
858;40.84;0.712;4.265;51.475
859;40.9;0.712;4.27;51.535
860;40.96;0.712;4.275;51.595
861;41.02;0.714;4.28;51.655
862;41.08;0.712;4.285;51.715
863;41.16;0.714;4.29;51.775
864;41.22;0.714;4.295;51.835
865;41.28;0.714;4.3;51.895
866;41.34;0.714;4.305;51.955
867;41.4;0.716;4.31;52.015
868;41.46;0.714;4.315;52.075
869;41.54;0.716;4.32;52.135
870;41.6;0.716;4.325;52.195
871;41.66;0.716;4.33;52.255
872;41.72;0.716;4.335;52.315
873;41.78;0.716;4.34;52.375
874;41.84;0.718;4.345;52.435
875;41.92;0.718;4.35;52.495
876;41.98;0.718;4.355;52.555
877;42.04;0.718;4.36;52.615
878;42.1;0.718;4.365;52.675
879;42.16;0.718;4.37;52.735
880;42.22;0.72;4.375;52.795
881;42.3;0.72;4.38;52.855
882;42.36;0.72;4.385;52.915
883;42.42;0.72;4.39;52.975
884;42.48;0.72;4.395;53.035
885;42.54;0.72;4.4;53.095
886;42.6;0.722;4.405;53.155
887;42.68;0.722;4.41;53.215
888;42.74;0.722;4.415;53.275
889;42.8;0.722;4.42;53.335
890;42.86;0.722;4.425;53.395
891;42.92;0.722;4.43;53.455
892;43;0.722;4.435;53.515
893;43.06;0.724;4.44;53.575
894;43.12;0.724;4.445;53.635
895;43.18;0.726;4.45;53.695
896;43.24;0.726;4.455;53.755
897;43.3;0.726;4.46;53.815
898;43.38;0.726;4.465;53.875
899;43.44;0.726;4.47;53.935
900;43.5;0.726;4.475;53.995
901;43.56;0.726;4.48;54.055
902;43.64;0.728;4.485;54.115
903;43.7;0.728;4.49;54.175
904;43.76;0.728;4.495;54.235
905;43.82;0.728;4.5;54.295
906;43.88;0.728;4.505;54.355
907;43.94;0.728;4.51;54.415
908;44;0.728;4.515;54.475
909;44.08;0.73;4.519;54.535
910;44.14;0.73;4.525;54.595
911;44.2;0.73;4.529;54.655
912;44.26;0.73;4.534;54.715
913;44.32;0.73;4.539;54.775
914;44.38;0.732;4.544;54.835
915;44.46;0.732;4.549;54.895
916;44.52;0.732;4.554;54.955
917;44.58;0.732;4.559;55.015
918;44.64;0.732;4.564;55.075
919;44.7;0.732;4.569;55.135
920;44.76;0.734;4.574;55.195
921;44.84;0.734;4.579;55.255
922;44.9;0.734;4.584;55.315
923;44.96;0.734;4.589;55.375
924;45.02;0.736;4.595;55.435
925;45.08;0.736;4.599;55.495
926;45.14;0.736;4.605;55.555
927;45.22;0.736;4.609;55.615
928;45.28;0.736;4.614;55.675
929;45.34;0.736;4.619;55.735
930;45.4;0.736;4.624;55.795
931;45.46;0.738;4.629;55.855
932;45.52;0.738;4.634;55.915
933;45.58;0.738;4.639;55.975
934;45.64;0.738;4.644;56.035
935;45.7;0.74;4.649;56.095
936;45.78;0.74;4.654;56.155
937;45.84;0.74;4.659;56.215
938;45.9;0.74;4.664;56.275
939;45.96;0.74;4.669;56.335
940;46.04;0.74;4.674;56.395
941;46.1;0.742;4.679;56.455
942;46.16;0.742;4.684;56.515
943;46.22;0.742;4.689;56.575
944;46.28;0.742;4.694;56.635
945;46.34;0.744;4.699;56.695
946;46.42;0.744;4.704;56.755
947;46.48;0.744;4.709;56.815
948;46.54;0.744;4.714;56.875
949;46.6;0.744;4.719;56.935
950;46.66;0.746;4.724;56.995
951;46.72;0.746;4.729;57.055
952;46.46;0.744;4.735;57.115
953;46.08;0.742;4.739;57.175
954;46.26;0.742;4.744;57.235
955;46.4;0.742;4.749;57.295
956;46.56;0.744;4.754;57.355
957;46.68;0.744;4.759;57.415
958;46.8;0.746;4.764;57.475
959;46.9;0.746;4.769;57.535
960;47;0.746;4.774;57.595
961;47.06;0.748;4.779;57.655
962;47.14;0.748;4.784;57.715
963;47.22;0.748;4.789;57.775
964;47.28;0.748;4.794;57.835
965;47.34;0.75;4.799;57.895
966;47.4;0.75;4.804;57.955
967;47.46;0.75;4.809;58.015
968;47.52;0.75;4.814;58.075
969;47.58;0.752;4.819;58.135
970;47.64;0.752;4.824;58.195
971;47.7;0.752;4.829;58.255
972;47.76;0.754;4.834;58.315
973;47.82;0.754;4.839;58.375
974;47.88;0.754;4.844;58.435
975;47.94;0.754;4.849;58.495
976;48;0.756;4.854;58.555
977;48.06;0.756;4.859;58.615
978;48.1;0.756;4.864;58.675
979;48.16;0.756;4.869;58.735
980;48.22;0.758;4.874;58.795
981;48.26;0.758;4.879;58.855
982;48.32;0.758;4.884;58.915
983;48.38;0.76;4.889;58.975
984;48.44;0.76;4.894;59.035
985;48.5;0.76;4.899;59.095
986;48.54;0.762;4.904;59.155
987;48.6;0.764;4.909;59.215
988;48.64;0.764;4.914;59.275
989;48.7;0.764;4.919;59.335
990;48.76;0.766;4.924;59.395
991;48.82;0.766;4.929;59.455
992;48.86;0.768;4.934;59.515
993;48.9;0.768;4.939;59.575
994;48.96;0.77;4.944;59.635
995;49;0.77;4.949;59.695
996;49.04;0.772;4.954;59.755
997;49.1;0.772;4.959;59.815
998;49.14;0.774;4.964;59.875
999;49.18;0.776;4.969;59.935
1000;49.22;0.778;4.974;59.995
1001;49.24;0.778;4.979;60.055
1002;49.28;0.78;4.984;60.115
1003;49.3;0.782;4.989;60.175
1004;49.32;0.784;4.994;60.235
1005;49.34;0.786;4.999;60.295
1006;49.36;0.79;5.004;60.355
1007;49.34;0.792;5.009;60.415
1008;49.34;0.796;5.014;60.475
1009;49.32;0.798;5.019;60.535
1010;49.28;0.802;5.024;60.595
1011;49.26;0.808;5.029;60.655
1012;49.22;0.812;5.034;60.715
1013;49.2;0.816;5.039;60.775
1014;49.18;0.82;5.044;60.835
1015;49.18;0.824;5.049;60.895
1016;49.18;0.828;5.054;60.955
1017;49.16;0.832;5.059;61.015
1018;49.16;0.838;5.064;61.075
1019;49.16;0.842;5.069;61.135
1020;49.16;0.846;5.074;61.195
1021;49.16;0.85;5.079;61.255
1022;49.16;0.854;5.084;61.315
1023;49.16;0.858;5.089;61.375
1024;49.16;0.864;5.094;61.435
1025;49.16;0.868;5.099;61.495
1026;49.16;0.872;5.104;61.555
1027;49.16;0.876;5.109;61.615
1028;49.16;0.882;5.115;61.675
1029;49.16;0.886;5.12;61.735
1030;49.16;0.89;5.125;61.795
1031;49.14;0.894;5.13;61.855
1032;49.14;0.9;5.135;61.915
1033;49.14;0.904;5.14;61.975
1034;49.14;0.908;5.145;62.035
1035;49.14;0.912;5.15;62.095
1036;49.14;0.918;5.155;62.155
1037;49.14;0.922;5.16;62.215
1038;49.14;0.926;5.165;62.275
1039;49.14;0.93;5.17;62.335
1040;49.14;0.936;5.175;62.395
1041;49.14;0.94;5.18;62.455
1042;49.14;0.944;5.185;62.515
1043;49.14;0.948;5.19;62.575
1044;49.14;0.954;5.195;62.635
1045;49.14;0.958;5.2;62.695
1046;49.14;0.962;5.205;62.755
1047;49.12;0.968;5.21;62.815
1048;49.1;0.972;5.215;62.875
1049;49.1;0.978;5.22;62.935
1050;49.1;0.982;5.225;62.995
1051;49.12;0.986;5.23;63.055
1052;49.12;0.99;5.235;63.115
1053;49.14;0.994;5.24;63.175
1054;49.16;1;5.245;63.235
1055;49.18;1.004;5.25;63.295
1056;49.2;1.008;5.255;63.355
1057;49.2;1.012;5.26;63.415
1058;49.22;1.016;5.265;63.475
1059;49.24;1.02;5.27;63.535
1060;49.24;1.026;5.275;63.595
1061;49.26;1.03;5.28;63.655
1062;49.28;1.034;5.285;63.715
1063;49.28;1.038;5.29;63.775
1064;49.28;1.042;5.295;63.835
1065;49.3;1.046;5.3;63.895
1066;49.32;1.05;5.305;63.955
1067;49.32;1.054;5.31;64.015
1068;49.34;1.06;5.315;64.075
1069;49.34;1.064;5.32;64.135
1070;49.36;1.068;5.325;64.195
1071;49.36;1.072;5.33;64.255
1072;49.38;1.076;5.335;64.315
1073;49.38;1.08;5.34;64.375
1074;49.4;1.084;5.345;64.435
1075;49.4;1.088;5.35;64.495
1076;49.42;1.092;5.355;64.555
1077;49.42;1.098;5.36;64.615
1078;49.44;1.102;5.365;64.675
1079;49.44;1.106;5.37;64.735
1080;49.46;1.11;5.375;64.795
1081;49.46;1.114;5.38;64.855
1082;49.48;1.118;5.385;64.915
1083;49.48;1.122;5.39;64.975
1084;49.5;1.128;5.395;65.035
1085;49.5;1.13;5.4;65.095
1086;49.5;1.134;5.405;65.155
1087;49.52;1.14;5.41;65.215
1088;49.52;1.144;5.415;65.275
1089;49.54;1.148;5.42;65.335
1090;49.54;1.152;5.425;65.395
1091;49.56;1.156;5.43;65.455
1092;49.56;1.16;5.436;65.515
1093;49.58;1.164;5.44;65.575
1094;49.58;1.168;5.446;65.635
1095;49.6;1.172;5.45;65.695
1096;49.6;1.176;5.456;65.755
1097;49.6;1.18;5.46;65.815
1098;49.62;1.184;5.466;65.875
1099;49.62;1.188;5.47;65.935
1100;49.64;1.194;5.476;65.995
1101;49.64;1.198;5.48;66.055
1102;49.66;1.202;5.486;66.115
1103;49.66;1.2062;5.491;66.175
1104;49.68;1.2112;5.496;66.235
1105;49.68;1.2149;5.5;66.295
1106;49.68;1.2212;5.506;66.355
1107;49.7;1.2262;5.511;66.415
1108;49.7;1.2312;5.516;66.475
1109;49.72;1.2362;5.521;66.535
1110;49.72;1.2412;5.526;66.595
1111;49.74;1.2462;5.531;66.655
1112;49.74;1.2512;5.536;66.715
1113;49.76;1.2562;5.541;66.775
1114;49.76;1.2612;5.546;66.835
1115;49.76;1.2662;5.551;66.895
1116;49.78;1.2712;5.556;66.955
1117;49.78;1.2762;5.561;67.015
1118;49.8;1.2812;5.566;67.075
1119;49.8;1.2862;5.571;67.135
1120;49.82;1.2912;5.576;67.195
1121;49.82;1.2962;5.581;67.255
1122;49.84;1.3012;5.586;67.315
1123;49.84;1.3062;5.591;67.375
1124;49.86;1.3112;5.596;67.435
1125;49.86;1.3162;5.601;67.495
1126;49.86;1.3212;5.606;67.555
1127;49.88;1.3262;5.611;67.615
1128;49.88;1.3312;5.616;67.675
1129;49.9;1.3362;5.621;67.735
1130;49.9;1.3412;5.626;67.795
1131;49.9;1.3462;5.631;67.855
1132;49.92;1.3512;5.636;67.915
1133;49.92;1.3562;5.641;67.975
1134;49.94;1.3612;5.646;68.035
1135;49.94;1.3662;5.651;68.095
1136;49.94;1.3712;5.656;68.155
1137;49.96;1.3762;5.661;68.215
1138;49.96;1.3812;5.666;68.275
1139;49.98;1.3862;5.671;68.335
1140;49.98;1.3912;5.676;68.395
1141;50;1.3962;5.681;68.455
1142;50;1.4012;5.686;68.515
1143;50;1.4062;5.691;68.575
1144;49.98;1.4087;5.694;68.635
1145;49.86;1.4087;5.694;68.695
1146;49.78;1.4087;5.694;68.755
1147;49.7;1.4087;5.694;68.815
1148;49.64;1.4087;5.694;68.875
1149;49.6;1.4087;5.694;68.935
1150;49.56;1.4087;5.694;68.995
1151;49.52;1.4087;5.694;69.055
1152;49.48;1.4087;5.694;69.115
1153;49.46;1.4087;5.694;69.175
1154;49.44;1.4087;5.694;69.235
1155;49.4;1.4087;5.694;69.295
1156;49.38;1.4087;5.694;69.355
1157;49.36;1.4087;5.694;69.415
1158;49.34;1.4087;5.694;69.475
1159;49.32;1.4087;5.694;69.535
1160;49.3;1.4087;5.694;69.595
1161;49.3;1.4087;5.694;69.655
1162;49.28;1.4087;5.694;69.715
1163;49.26;1.4087;5.694;69.775
1164;49.24;1.4087;5.694;69.835
1165;49.22;1.4087;5.694;69.895
1166;49.22;1.4087;5.694;69.955
1167;49.2;1.4087;5.694;70.015
1168;49.2;1.4087;5.694;70.075
1169;49.18;1.4099;5.695;70.135
1170;49.16;1.4099;5.695;70.195
1171;49.16;1.4099;5.695;70.255
1172;49.14;1.4099;5.695;70.315
1173;49.14;1.4099;5.695;70.375
1174;49.14;1.4099;5.695;70.435
1175;49.12;1.4099;5.695;70.495
1176;49.12;1.4099;5.695;70.555
1177;49.1;1.4099;5.695;70.615
1178;49.1;1.4099;5.695;70.675
1179;49.08;1.4099;5.695;70.735
1180;49.08;1.4099;5.695;70.795
1181;49.08;1.4099;5.695;70.855
1182;49.06;1.4099;5.695;70.915
1183;49.06;1.4099;5.695;70.975
1184;49.06;1.4099;5.695;71.035
1185;49.04;1.4099;5.695;71.095
1186;49.04;1.4099;5.695;71.155
1187;49.04;1.4099;5.695;71.215
1188;49.02;1.4099;5.695;71.275
1189;49.02;1.4099;5.695;71.335
1190;49.02;1.4099;5.695;71.395
1191;49;1.4099;5.695;71.455
1192;49;1.4099;5.695;71.515
1193;49;1.4099;5.695;71.575
1194;48.98;1.4099;5.695;71.635
1195;48.98;1.4099;5.695;71.695
1196;48.98;1.4099;5.695;71.755
1197;48.98;1.4099;5.695;71.815
1198;48.98;1.4099;5.695;71.875
1199;48.96;1.4099;5.695;71.935
1200;48.96;1.4099;5.695;71.995
1201;48.96;1.4099;5.695;72.055
1202;48.94;1.4099;5.695;72.115
1203;48.94;1.4099;5.695;72.175
1204;48.94;1.4099;5.695;72.235
1205;48.94;1.4099;5.695;72.295
1206;48.92;1.4099;5.695;72.355
1207;48.92;1.4099;5.695;72.415
1208;48.92;1.4099;5.695;72.475
1209;48.92;1.4099;5.695;72.535
1210;48.92;1.4099;5.695;72.595
1211;48.9;1.4099;5.695;72.655
1212;48.9;1.4099;5.695;72.715
1213;48.9;1.4099;5.695;72.775
1214;48.9;1.4099;5.695;72.835
1215;48.9;1.4099;5.695;72.895
1216;48.9;1.4099;5.695;72.955
1217;48.88;1.4099;5.695;73.015
1218;48.88;1.4099;5.695;73.075
1219;48.88;1.4099;5.695;73.135
1220;48.88;1.4099;5.695;73.195
1221;48.86;1.4099;5.695;73.255
1222;48.86;1.4099;5.695;73.315
1223;48.86;1.4099;5.695;73.375
1224;48.86;1.4099;5.695;73.435
1225;48.86;1.4099;5.695;73.495
1226;48.84;1.4099;5.695;73.555
1227;48.84;1.4099;5.695;73.615
1228;48.84;1.4099;5.695;73.675
1229;48.84;1.4099;5.695;73.735
1230;48.84;1.4099;5.695;73.795
1231;48.84;1.4099;5.695;73.855
1232;48.84;1.4099;5.695;73.915
1233;48.82;1.4099;5.695;73.975
1234;48.82;1.4099;5.695;74.035
1235;48.82;1.4099;5.695;74.095
1236;48.82;1.4099;5.695;74.155
1237;48.82;1.4099;5.695;74.215
1238;48.82;1.4099;5.695;74.275
1239;48.82;1.4099;5.695;74.335
1240;48.8;1.4099;5.695;74.395
1241;48.8;1.4099;5.695;74.455
1242;48.8;1.4099;5.695;74.515
1243;48.8;1.4099;5.695;74.575
1244;48.8;1.4099;5.695;74.635
1245;48.8;1.4099;5.695;74.695
1246;48.8;1.4099;5.695;74.755
1247;48.78;1.4099;5.695;74.815
1248;48.8;1.4099;5.695;74.875
1249;48.78;1.4099;5.695;74.935
1250;48.78;1.4099;5.695;74.995
1251;48.78;1.4099;5.695;75.055
1252;48.78;1.4099;5.695;75.115
1253;48.78;1.4099;5.695;75.175
1254;48.78;1.4099;5.695;75.235
1255;48.76;1.4099;5.695;75.295
1256;48.76;1.4099;5.695;75.355
1257;48.76;1.4099;5.695;75.415
1258;48.76;1.4099;5.695;75.475
1259;48.76;1.4099;5.695;75.535
1260;48.76;1.4099;5.695;75.595
1261;48.76;1.4099;5.695;75.655
1262;48.76;1.4099;5.695;75.715
1263;48.74;1.4099;5.695;75.775
1264;48.74;1.4099;5.695;75.835
1265;48.74;1.4099;5.695;75.895
1266;48.74;1.4099;5.695;75.955
1267;48.74;1.4099;5.695;76.015
1268;48.74;1.4099;5.695;76.075
1269;48.74;1.4099;5.695;76.135
1270;48.74;1.4099;5.695;76.195
1271;48.74;1.4099;5.695;76.255
1272;48.72;1.4099;5.695;76.315
1273;48.72;1.4099;5.695;76.375
1274;48.72;1.4099;5.695;76.435
1275;48.72;1.4099;5.695;76.495
1276;48.72;1.4099;5.695;76.555
1277;48.72;1.4099;5.695;76.615
1278;48.72;1.4099;5.695;76.675
1279;48.72;1.4099;5.695;76.735
1280;48.72;1.4099;5.695;76.795
1281;48.72;1.4099;5.695;76.855
1282;48.7;1.4099;5.695;76.915
1283;48.7;1.4099;5.695;76.975
1284;48.7;1.4099;5.695;77.035
1285;48.7;1.4099;5.695;77.095
1286;48.7;1.4099;5.695;77.155
1287;48.7;1.4099;5.695;77.215
1288;48.7;1.4099;5.695;77.275
1289;48.7;1.4099;5.695;77.335
1290;48.7;1.4099;5.695;77.395
1291;48.7;1.4099;5.695;77.455
1292;48.7;1.4099;5.695;77.515
1293;48.68;1.4099;5.695;77.575
1294;48.68;1.4099;5.695;77.635
1295;48.68;1.4099;5.695;77.695
1296;48.68;1.4099;5.695;77.755
1297;48.68;1.4099;5.695;77.815
1298;48.68;1.4099;5.695;77.875
1299;48.68;1.4099;5.695;77.935
1300;48.68;1.4099;5.695;77.995
1301;48.68;1.4099;5.695;78.055
1302;48.68;1.4099;5.695;78.115
1303;48.68;1.4099;5.695;78.175
1304;48.66;1.4099;5.695;78.235
1305;48.66;1.4099;5.695;78.295
1306;48.66;1.4099;5.695;78.355
1307;48.66;1.4099;5.695;78.415
1308;48.66;1.4099;5.695;78.475
1309;48.66;1.4099;5.695;78.535
1310;48.66;1.4099;5.695;78.595
1311;48.66;1.4099;5.695;78.655
1312;48.66;1.4099;5.695;78.715
1313;48.66;1.4099;5.695;78.775
1314;48.66;1.4099;5.695;78.835
1315;48.66;1.4099;5.695;78.895
1316;48.64;1.4099;5.695;78.955
1317;48.64;1.4099;5.695;79.015
1318;48.64;1.4099;5.695;79.075
1319;48.64;1.4099;5.695;79.135
1320;48.64;1.4099;5.695;79.195
1321;48.64;1.4099;5.695;79.255
1322;48.64;1.4099;5.695;79.315
1323;48.64;1.4099;5.695;79.375
1324;48.64;1.4099;5.695;79.435
1325;48.64;1.4099;5.695;79.495
1326;48.64;1.4099;5.695;79.555
1327;48.64;1.4099;5.695;79.615
1328;48.62;1.4099;5.695;79.675
1329;48.62;1.4099;5.695;79.735
1330;48.62;1.4099;5.695;79.795
1331;48.62;1.4099;5.695;79.855
1332;48.62;1.4099;5.695;79.915
1333;48.62;1.4099;5.695;79.975
1334;48.62;1.4099;5.695;80.035
1335;48.62;1.4099;5.695;80.095
1336;48.62;1.4099;5.695;80.155
1337;48.62;1.4099;5.695;80.215
1338;48.62;1.4099;5.695;80.275
1339;48.62;1.4099;5.695;80.335
1340;48.62;1.4099;5.695;80.395
1341;48.62;1.4099;5.695;80.455
1342;48.62;1.4099;5.695;80.515
1343;48.64;1.4124;5.697;80.575
1344;48.82;1.4174;5.702;80.635
1345;49.02;1.4224;5.707;80.695
1346;49.22;1.4274;5.713;80.755
1347;49.38;1.4324;5.717;80.815
1348;49.54;1.4374;5.722;80.875
1349;49.68;1.4424;5.727;80.935
1350;49.8;1.4474;5.733;80.995
1351;49.9;1.4524;5.737;81.055
1352;49.98;1.4574;5.742;81.115
1353;50.04;1.4624;5.747;81.175
1354;50.08;1.4674;5.753;81.235
1355;50.12;1.4724;5.757;81.295
1356;50.16;1.4774;5.762;81.355
1357;50.18;1.4824;5.767;81.415
1358;50.2;1.4874;5.773;81.475
1359;50.22;1.4924;5.777;81.535
1360;50.24;1.4974;5.782;81.595
1361;50.24;1.5024;5.787;81.655
1362;50.26;1.5074;5.793;81.715
1363;50.26;1.5124;5.797;81.775
1364;50.28;1.5174;5.802;81.835
1365;50.28;1.5224;5.807;81.895
1366;50.3;1.5274;5.812;81.955
1367;50.3;1.5324;5.817;82.015
1368;50.3;1.5374;5.822;82.075
1369;50.32;1.5424;5.827;82.135
1370;50.32;1.5474;5.832;82.195
1371;50.32;1.5524;5.838;82.255
1372;50.34;1.5574;5.842;82.315
1373;50.34;1.5624;5.847;82.375
1374;50.34;1.5674;5.852;82.435
1375;50.34;1.5724;5.858;82.495
1376;50.34;1.5774;5.862;82.555
1377;50.36;1.5824;5.867;82.615
1378;50.36;1.5874;5.872;82.675
1379;50.36;1.5924;5.878;82.735
1380;50.38;1.5974;5.882;82.795
1381;50.38;1.6037;5.889;82.855
1382;50.38;1.6087;5.894;82.915
1383;50.4;1.6137;5.899;82.975
1384;50.4;1.6187;5.904;83.035
1385;50.4;1.6237;5.909;83.095
1386;50.4;1.6287;5.914;83.155
1387;50.42;1.6337;5.919;83.215
1388;50.42;1.6387;5.924;83.275
1389;50.44;1.6437;5.929;83.335
1390;50.44;1.6487;5.934;83.395
1391;50.44;1.6537;5.939;83.455
1392;50.46;1.6587;5.944;83.515
1393;50.46;1.6637;5.949;83.575
1394;50.46;1.6687;5.954;83.635
1395;50.46;1.6737;5.959;83.695
1396;50.48;1.6787;5.964;83.755
1397;50.48;1.6837;5.969;83.815
1398;50.48;1.6887;5.974;83.875
1399;50.48;1.6937;5.979;83.935
1400;50.5;1.6987;5.984;83.995
1401;50.5;1.7037;5.989;84.055
1402;50.5;1.7087;5.994;84.115
1403;50.52;1.7137;5.999;84.175
1404;50.52;1.7187;6.004;84.235
1405;50.52;1.7237;6.009;84.295
1406;50.54;1.7287;6.014;84.355
1407;50.54;1.7337;6.019;84.415
1408;50.54;1.7387;6.024;84.475
1409;50.54;1.7437;6.029;84.535
1410;50.56;1.7487;6.034;84.595
1411;50.56;1.7537;6.039;84.655
1412;50.58;1.7587;6.044;84.715
1413;50.58;1.7637;6.049;84.775
1414;50.58;1.7687;6.054;84.835
1415;50.6;1.7737;6.059;84.895
1416;50.6;1.7799;6.065;84.955
1417;50.6;1.7849;6.07;85.015
1418;50.62;1.7899;6.075;85.075
1419;50.62;1.7949;6.08;85.135
1420;50.64;1.7999;6.085;85.195
1421;50.64;1.8049;6.09;85.255
1422;50.64;1.8099;6.095;85.315
1423;50.66;1.8149;6.1;85.375
1424;50.66;1.8199;6.105;85.435
1425;50.66;1.8249;6.11;85.495
1426;50.68;1.8299;6.115;85.555
1427;50.68;1.8349;6.12;85.615
1428;50.68;1.8399;6.125;85.675
1429;50.68;1.8449;6.13;85.735
1430;50.7;1.8499;6.135;85.795
1431;50.7;1.8549;6.14;85.855
1432;50.72;1.8599;6.145;85.915
1433;50.72;1.8649;6.15;85.975
1434;50.72;1.8687;6.154;86.035
1435;50.74;1.8737;6.159;86.095
1436;50.74;1.8787;6.164;86.155
1437;50.76;1.8837;6.169;86.215
1438;50.76;1.8887;6.174;86.275
1439;50.76;1.8937;6.179;86.335
1440;50.78;1.8987;6.184;86.395
1441;50.78;1.9037;6.189;86.455
1442;50.8;1.9087;6.194;86.515
1443;50.8;1.9137;6.199;86.575
1444;50.82;1.9187;6.204;86.635
1445;50.82;1.9237;6.209;86.695
1446;50.84;1.9287;6.214;86.755
1447;50.84;1.9337;6.219;86.815
1448;50.84;1.9387;6.224;86.875
1449;50.86;1.9437;6.229;86.935
1450;50.86;1.9487;6.234;86.995
1451;50.86;1.9549;6.24;87.055
1452;50.88;1.9599;6.245;87.115
1453;50.88;1.9649;6.25;87.175
1454;50.9;1.9699;6.255;87.235
1455;50.9;1.9749;6.26;87.295
1456;50.9;1.9799;6.265;87.355
1457;50.92;1.9849;6.27;87.415
1458;50.92;1.9899;6.275;87.475
1459;50.92;1.9949;6.28;87.535
1460;50.94;1.9999;6.285;87.595
1461;50.94;2.0049;6.29;87.655
1462;50.96;2.0099;6.295;87.715
1463;50.96;2.0149;6.3;87.775
1464;50.96;2.0199;6.305;87.835
1465;50.98;2.0249;6.31;87.895
1466;50.98;2.0299;6.315;87.955
1467;50.98;2.0349;6.32;88.015
1468;51;2.0399;6.325;88.075
1469;51;2.0449;6.33;88.135
1470;51.02;2.0499;6.335;88.195
1471;51.02;2.0549;6.34;88.255
1472;51.02;2.0599;6.345;88.315
1473;51.04;2.0649;6.35;88.375
1474;51.04;2.0699;6.355;88.435
1475;51.06;2.0749;6.36;88.495
1476;51.06;2.0799;6.365;88.555
1477;51.06;2.0849;6.37;88.615
1478;51.08;2.0899;6.375;88.675
1479;51.08;2.0949;6.38;88.735
1480;51.1;2.0999;6.385;88.795
1481;51.1;2.1049;6.39;88.855
1482;51.1;2.1099;6.395;88.915
1483;51.12;2.1149;6.4;88.975
1484;51.12;2.1199;6.405;89.035
1485;51.14;2.1249;6.41;89.095
1486;51.14;2.1299;6.415;89.155
1487;51.14;2.1349;6.42;89.215
1488;51.16;2.1399;6.425;89.275
1489;51.16;2.1449;6.43;89.335
1490;51.18;2.1499;6.435;89.395
1491;51.18;2.1549;6.44;89.455
1492;51.18;2.1599;6.445;89.515
1493;51.2;2.1649;6.45;89.575
1494;51.2;2.1699;6.455;89.635
1495;51.2;2.1749;6.46;89.695
1496;51.22;2.1799;6.465;89.755
1497;51.22;2.1849;6.47;89.815
1498;51.24;2.1899;6.475;89.875
1499;51.24;2.1949;6.48;89.935
1500;51.24;2.1999;6.485;89.995
1501;51.26;2.2049;6.49;90.055
1502;51.26;2.2099;6.495;90.115
1503;51.28;2.2149;6.5;90.175
1504;51.28;2.2199;6.505;90.235
1505;51.28;2.2249;6.51;90.295
1506;51.3;2.2299;6.515;90.355
1507;51.3;2.2349;6.52;90.415
1508;51.3;2.2399;6.525;90.475
1509;51.32;2.2449;6.53;90.535
1510;51.32;2.2512;6.536;90.595
1511;51.34;2.2549;6.54;90.655
1512;51.34;2.2612;6.546;90.715
1513;51.34;2.2649;6.55;90.775
1514;51.36;2.2712;6.556;90.835
1515;51.36;2.2749;6.56;90.895
1516;51.36;2.2812;6.566;90.955
1517;51.38;2.2849;6.57;91.015
1518;51.38;2.2912;6.576;91.075
1519;51.38;2.2949;6.58;91.135
1520;51.4;2.3012;6.586;91.195
1521;51.4;2.3062;6.591;91.255
1522;51.42;2.3112;6.596;91.315
1523;51.42;2.3162;6.601;91.375
1524;51.44;2.3212;6.606;91.435
1525;51.44;2.3262;6.611;91.495
1526;51.44;2.3312;6.616;91.555
1527;51.44;2.3362;6.621;91.615
1528;51.46;2.3412;6.626;91.675
1529;51.46;2.3462;6.631;91.735
1530;51.48;2.3512;6.636;91.795
1531;51.48;2.3562;6.641;91.855
1532;51.48;2.3612;6.646;91.915
1533;51.5;2.3662;6.651;91.975
1534;51.5;2.3712;6.656;92.035
1535;51.5;2.3762;6.661;92.095
1536;51.52;2.3812;6.666;92.155
1537;51.52;2.3862;6.671;92.215
1538;51.52;2.3912;6.676;92.275
1539;51.54;2.3962;6.681;92.335
1540;51.54;2.4012;6.686;92.395
1541;51.56;2.4062;6.691;92.455
1542;51.56;2.4112;6.696;92.515
1543;51.56;2.4162;6.701;92.575
1544;51.58;2.4212;6.706;92.635
1545;51.58;2.4262;6.711;92.695
1546;51.58;2.4312;6.716;92.755
1547;51.6;2.4362;6.721;92.815
1548;51.6;2.4412;6.726;92.875
1549;51.6;2.4462;6.731;92.935
1550;51.62;2.4512;6.736;92.995
1551;51.62;2.4562;6.741;93.055
1552;51.62;2.4612;6.746;93.115
1553;51.64;2.4662;6.751;93.175
1554;51.64;2.4712;6.756;93.235
1555;51.66;2.4762;6.761;93.295
1556;51.66;2.4812;6.766;93.355
1557;51.66;2.4862;6.771;93.415
1558;51.68;2.4912;6.776;93.475
1559;51.68;2.4962;6.781;93.535
1560;51.68;2.5024;6.787;93.595
1561;51.7;2.5074;6.793;93.655
1562;51.7;2.5124;6.797;93.715
1563;51.7;2.5174;6.802;93.775
1564;51.72;2.5224;6.807;93.835
1565;51.72;2.5274;6.812;93.895
1566;51.72;2.5324;6.817;93.955
1567;51.74;2.5374;6.822;94.015
1568;51.74;2.5424;6.827;94.075
1569;51.74;2.5474;6.832;94.135
1570;51.76;2.5524;6.837;94.195
1571;51.76;2.5574;6.842;94.255
1572;51.76;2.5624;6.847;94.315
1573;51.76;2.5674;6.852;94.375
1574;51.78;2.5724;6.858;94.435
1575;51.78;2.5774;6.862;94.495
1576;51.8;2.5824;6.867;94.555
1577;51.8;2.5874;6.872;94.615
1578;51.8;2.5924;6.878;94.675
1579;51.82;2.5974;6.882;94.735
1580;51.82;2.6024;6.887;94.795
1581;51.82;2.6074;6.892;94.855
1582;51.82;2.6124;6.898;94.915
1583;51.84;2.6174;6.902;94.975
1584;51.84;2.6224;6.907;95.035
1585;51.84;2.6274;6.912;95.095
1586;51.86;2.6324;6.918;95.155
1587;51.86;2.6374;6.922;95.215
1588;51.86;2.6424;6.927;95.275
1589;51.88;2.6474;6.932;95.335
1590;51.88;2.6524;6.938;95.395
1591;51.9;2.6574;6.942;95.455
1592;51.9;2.6624;6.947;95.515
1593;51.9;2.6674;6.952;95.575
1594;51.92;2.6724;6.957;95.635
1595;51.92;2.6774;6.962;95.695
1596;51.92;2.6824;6.967;95.755
1597;51.92;2.6874;6.972;95.815
1598;51.94;2.6924;6.977;95.875
1599;51.94;2.6974;6.983;95.935
1600;51.94;2.7024;6.987;95.995
1601;51.96;2.7074;6.992;96.055
1602;51.96;2.7124;6.997;96.115
1603;51.96;2.7174;7.003;96.175
1604;51.96;2.7224;7.007;96.235
1605;51.98;2.7274;7.012;96.295
1606;51.98;2.7324;7.017;96.355
1607;51.98;2.7374;7.023;96.415
1608;51.98;2.7424;7.027;96.475
1609;52;2.7474;7.032;96.535
1610;52;2.7524;7.037;96.595
1611;52;2.7574;7.043;96.655
1612;52.02;2.7624;7.047;96.715
1613;52.02;2.7674;7.052;96.775
1614;52.02;2.7724;7.057;96.835
1615;52.04;2.7774;7.062;96.895
1616;52.04;2.7824;7.067;96.955
1617;52.04;2.7874;7.072;97.015
1618;52.06;2.7924;7.077;97.075
1619;52.06;2.7974;7.082;97.135
1620;52.06;2.8024;7.087;97.195
1621;52.06;2.8074;7.092;97.255
1622;52.08;2.8124;7.097;97.315
1623;52.08;2.8174;7.102;97.375
1624;52.08;2.8224;7.108;97.435
1625;52.08;2.8274;7.112;97.495
1626;52.1;2.8324;7.117;97.555
1627;52.1;2.8374;7.122;97.615
1628;52.1;2.8424;7.128;97.675
1629;52.12;2.8474;7.132;97.735
1630;52.12;2.8524;7.137;97.795
1631;52.12;2.8574;7.142;97.855
1632;52.12;2.8624;7.148;97.915
1633;52.12;2.8674;7.152;97.975
1634;52.14;2.8724;7.157;98.035
1635;52.14;2.8774;7.162;98.095
1636;52.14;2.8824;7.168;98.155
1637;52.16;2.8874;7.172;98.215
1638;52.16;2.8924;7.177;98.275
1639;52.16;2.8974;7.182;98.335
1640;52.16;2.9024;7.188;98.395
1641;52.18;2.9074;7.192;98.455
1642;52.18;2.9124;7.197;98.515
1643;52.18;2.9174;7.202;98.575
1644;52.2;2.9224;7.207;98.635
1645;52.2;2.9274;7.212;98.695
1646;52.2;2.9324;7.217;98.755
1647;52.2;2.9374;7.222;98.815
1648;52.2;2.9424;7.227;98.875
1649;52.22;2.9474;7.233;98.935
1650;52.22;2.9524;7.237;98.995
1651;52.22;2.9574;7.242;99.055
1652;52.22;2.9624;7.247;99.115
1653;52.24;2.9674;7.253;99.175
1654;52.24;2.9724;7.257;99.235
1655;52.24;2.9774;7.262;99.295
1656;52.24;2.9824;7.267;99.355
1657;52.26;2.9874;7.273;99.415
1658;52.26;2.9924;7.277;99.475
1659;52.26;2.9974;7.282;99.535
1660;52.28;3.0024;7.287;99.595
1661;52.28;3.0074;7.293;99.655
1662;52.28;3.0124;7.297;99.715
1663;52.28;3.0174;7.302;99.775
1664;52.28;3.0224;7.307;99.835
1665;52.3;3.0287;7.314;99.895
1666;52.3;3.0337;7.319;99.955
1667;52.3;3.0387;7.324;100.015
1668;52.3;3.0437;7.329;100.075
1669;52.32;3.0487;7.334;100.135
1670;52.32;3.0537;7.339;100.195
1671;52.32;3.0587;7.344;100.255
1672;52.32;3.0637;7.349;100.315
1673;52.32;3.0687;7.354;100.375
1674;52.34;3.0737;7.359;100.435
1675;52.34;3.0787;7.364;100.495
1676;52.34;3.0837;7.369;100.555
1677;52.34;3.0887;7.374;100.615
1678;52.34;3.0937;7.379;100.675
1679;52.36;3.0974;7.382;100.735
1680;52.36;3.1024;7.387;100.795
1681;52.36;3.1074;7.392;100.855
1682;52.36;3.1124;7.398;100.915
1683;52.38;3.1174;7.402;100.975
1684;52.38;3.1224;7.407;101.035
1685;52.38;3.1274;7.412;101.095
1686;52.38;3.1324;7.418;101.155
1687;52.38;3.1374;7.422;101.215
1688;52.4;3.1424;7.427;101.275
1689;52.4;3.1474;7.432;101.335
1690;52.4;3.1524;7.438;101.395
1691;52.42;3.1574;7.442;101.455
1692;52.42;3.1624;7.447;101.515
1693;52.42;3.1674;7.452;101.575
1694;52.42;3.1737;7.459;101.635
1695;52.42;3.1787;7.464;101.695
1696;52.44;3.1837;7.469;101.755
1697;52.44;3.1887;7.474;101.815
1698;52.44;3.1937;7.479;101.875
1699;52.44;3.1987;7.484;101.935
1700;52.44;3.2037;7.489;101.995
1701;52.44;3.2087;7.494;102.055
1702;52.46;3.2137;7.499;102.115
1703;52.46;3.2187;7.504;102.175
1704;52.46;3.2237;7.509;102.235
1705;52.46;3.2287;7.514;102.295
1706;52.46;3.2337;7.519;102.355
1707;52.48;3.2387;7.524;102.415
1708;52.48;3.2437;7.529;102.475
1709;52.48;3.2487;7.534;102.535
1710;52.48;3.2537;7.539;102.595
1711;52.48;3.2587;7.544;102.655
1712;52.5;3.2637;7.549;102.715
1713;52.5;3.2687;7.554;102.775
1714;52.5;3.2737;7.559;102.835
1715;52.5;3.2787;7.564;102.895
1716;52.5;3.2837;7.569;102.955
1717;52.5;3.2887;7.574;103.015
1718;52.52;3.2937;7.579;103.075
1719;52.52;3.2987;7.584;103.135
1720;52.52;3.3037;7.589;103.195
1721;52.52;3.3087;7.594;103.255
1722;52.52;3.3137;7.599;103.315
1723;52.52;3.3187;7.604;103.375
1724;52.54;3.3237;7.609;103.435
1725;52.54;3.3287;7.614;103.495
1726;52.54;3.3337;7.619;103.555
1727;52.54;3.3387;7.624;103.615
1728;52.54;3.3437;7.629;103.675
1729;52.54;3.3487;7.634;103.735
1730;52.56;3.3537;7.639;103.795
1731;52.56;3.3587;7.644;103.855
1732;52.56;3.3637;7.649;103.915
1733;52.56;3.3687;7.654;103.975
1734;52.56;3.3737;7.659;104.035
1735;52.56;3.3787;7.664;104.095
1736;52.58;3.3837;7.669;104.155
1737;52.58;3.3887;7.674;104.215
1738;52.58;3.3937;7.679;104.275
1739;52.58;3.3987;7.684;104.335
1740;52.58;3.4037;7.689;104.395
1741;52.58;3.4087;7.694;104.455
1742;52.58;3.4137;7.699;104.515
1743;52.6;3.4187;7.704;104.575
1744;52.6;3.4237;7.709;104.635
1745;52.6;3.4287;7.714;104.695
1746;52.6;3.4337;7.719;104.755
1747;52.6;3.4387;7.724;104.815
1748;52.6;3.4437;7.729;104.875
1749;52.62;3.4487;7.734;104.935
1750;52.62;3.4537;7.739;104.995
1751;52.62;3.4587;7.744;105.055
1752;52.62;3.4637;7.749;105.115
1753;52.62;3.4687;7.754;105.175
1754;52.62;3.4737;7.759;105.235
1755;52.62;3.4787;7.764;105.295
1756;52.64;3.4837;7.769;105.355
1757;52.64;3.4887;7.774;105.415
1758;52.64;3.4937;7.779;105.475
1759;52.64;3.4987;7.784;105.535
1760;52.64;3.5037;7.789;105.595
1761;52.64;3.5087;7.794;105.655
1762;52.64;3.5137;7.799;105.715
1763;52.64;3.5187;7.804;105.775
1764;52.66;3.5237;7.809;105.835
1765;52.66;3.5287;7.814;105.895
1766;52.66;3.5337;7.819;105.955
1767;52.66;3.5387;7.824;106.015
1768;52.66;3.5437;7.829;106.075
1769;52.66;3.5487;7.834;106.135
1770;52.66;3.5537;7.839;106.195
1771;52.66;3.5587;7.844;106.255
1772;52.68;3.5637;7.849;106.315
1773;52.68;3.5699;7.855;106.375
1774;52.68;3.5749;7.86;106.435
1775;52.68;3.5799;7.865;106.495
1776;52.68;3.5849;7.87;106.555
1777;52.68;3.5899;7.875;106.615
1778;52.68;3.5949;7.88;106.675
1779;52.68;3.5999;7.885;106.735
1780;52.68;3.6049;7.89;106.795
1781;52.68;3.6099;7.895;106.855
1782;52.68;3.6149;7.9;106.915
1783;52.68;3.6199;7.905;106.975
1784;52.68;3.6249;7.91;107.035
1785;52.7;3.6299;7.915;107.095
1786;52.7;3.6349;7.92;107.155
1787;52.7;3.6399;7.925;107.215
1788;52.7;3.6449;7.93;107.275
1789;52.7;3.6499;7.935;107.335
1790;52.7;3.6549;7.94;107.395
1791;52.7;3.6599;7.945;107.455
1792;52.7;3.6649;7.95;107.515
1793;52.72;3.6699;7.955;107.575
1794;52.72;3.6749;7.96;107.635
1795;52.72;3.6799;7.965;107.695
1796;52.72;3.6849;7.97;107.755
1797;52.72;3.6899;7.975;107.815
1798;52.72;3.6949;7.98;107.875
1799;52.72;3.6999;7.985;107.935
1800;52.72;3.7049;7.99;107.995
1801;52.72;3.7099;7.995;108.055
1802;52.72;3.7149;8;108.115
1803;52.72;3.7199;8.005;108.175
1804;52.74;3.7249;8.01;108.235
1805;52.72;3.7299;8.015;108.295
1806;52.74;3.7349;8.02;108.355
1807;52.72;3.7399;8.025;108.415
1808;52.74;3.7449;8.03;108.475
1809;52.74;3.7499;8.035;108.535
1810;52.74;3.7549;8.04;108.595
1811;52.74;3.7599;8.045;108.655
1812;52.74;3.7649;8.05;108.715
1813;52.74;3.7699;8.055;108.775
1814;52.74;3.7749;8.06;108.835
1815;52.74;3.7799;8.065;108.895
1816;52.74;3.7849;8.07;108.955
1817;52.74;3.7899;8.075;109.015
1818;52.74;3.7949;8.08;109.075
1819;52.74;3.7999;8.085;109.135
1820;52.74;3.8049;8.09;109.195
1821;52.74;3.8099;8.095;109.255
1822;52.76;3.8149;8.1;109.315
1823;52.76;3.8199;8.105;109.375
1824;52.76;3.8249;8.11;109.435
1825;52.76;3.8299;8.115;109.495
1826;52.76;3.8349;8.12;109.555
1827;52.76;3.8399;8.125;109.615
1828;52.76;3.8449;8.13;109.675
1829;52.76;3.8499;8.135;109.735
1830;52.76;3.8549;8.14;109.795
1831;52.76;3.8599;8.145;109.855
1832;52.76;3.8649;8.15;109.915
1833;52.76;3.8699;8.155;109.975
1834;52.76;3.8749;8.16;110.035
1835;52.76;3.8812;8.166;110.095
1836;52.76;3.8849;8.17;110.155
1837;52.76;3.8912;8.176;110.215
1838;52.76;3.8949;8.18;110.275
1839;52.76;3.9012;8.186;110.335
1840;52.76;3.9049;8.19;110.395
1841;52.76;3.9112;8.196;110.455
1842;52.78;3.9162;8.201;110.515
1843;52.78;3.9212;8.206;110.575
1844;52.76;3.9262;8.211;110.635
1845;52.78;3.9312;8.216;110.695
1846;52.78;3.9362;8.221;110.755
1847;52.76;3.9412;8.226;110.815
1848;52.76;3.9449;8.23;110.875
1849;52.76;3.9512;8.236;110.935
1850;52.76;3.9549;8.24;110.995
1851;52.76;3.9612;8.246;111.055
1852;52.76;3.9649;8.25;111.115
1853;52.76;3.9712;8.256;111.175
1854;52.76;3.9749;8.26;111.235
1855;52.76;3.9799;8.265;111.295
1856;52.76;3.9849;8.27;111.355
1857;52.76;3.9912;8.276;111.415
1858;52.76;3.9949;8.28;111.475
1859;52.76;4.0012;8.286;111.535
1860;52.78;4.0049;8.29;111.595
1861;52.78;4.0112;8.296;111.655
1862;52.78;4.0149;8.3;111.715
1863;52.78;4.0212;8.306;111.775
1864;52.78;4.0249;8.31;111.835
1865;52.78;4.0312;8.316;111.895
1866;52.78;4.0349;8.32;111.955
1867;52.78;4.0412;8.326;112.015
1868;52.78;4.0449;8.33;112.075
1869;52.78;4.0512;8.336;112.135
1870;52.78;4.0562;8.341;112.195
1871;52.78;4.0612;8.346;112.255
1872;52.76;4.0649;8.35;112.315
1873;52.78;4.0712;8.356;112.375
1874;52.78;4.0749;8.36;112.435
1875;52.78;4.0812;8.366;112.495
1876;52.78;4.0862;8.371;112.555
1877;52.78;4.0912;8.376;112.615
1878;52.78;4.0962;8.381;112.675
1879;52.76;4.1012;8.386;112.735
1880;52.76;4.1062;8.391;112.795
1881;52.76;4.1112;8.396;112.855
1882;52.76;4.1162;8.401;112.915
1883;52.76;4.1212;8.406;112.975
1884;52.76;4.1262;8.411;113.035
1885;52.76;4.1312;8.416;113.095
1886;52.76;4.1362;8.421;113.155
1887;52.76;4.1412;8.426;113.215
1888;52.76;4.1462;8.431;113.275
1889;52.76;4.1512;8.436;113.335
1890;52.76;4.1562;8.441;113.395
1891;52.76;4.1612;8.446;113.455
1892;52.76;4.1662;8.451;113.515
1893;52.76;4.1712;8.456;113.575
1894;52.76;4.1762;8.461;113.635
1895;52.76;4.1812;8.466;113.695
1896;52.76;4.1862;8.471;113.755
1897;52.76;4.1912;8.476;113.815
1898;52.76;4.1962;8.481;113.875
1899;52.76;4.2012;8.486;113.935
1900;52.76;4.2062;8.491;113.995
1901;52.76;4.2112;8.496;114.055
1902;52.76;4.2162;8.501;114.115
1903;52.76;4.2212;8.506;114.175
1904;52.74;4.2262;8.511;114.235
1905;52.74;4.2312;8.516;114.295
1906;52.74;4.2362;8.521;114.355
1907;52.74;4.2412;8.526;114.415
1908;52.74;4.2462;8.531;114.475
1909;52.74;4.2512;8.536;114.535
1910;52.74;4.2562;8.541;114.595
1911;52.74;4.2612;8.546;114.655
1912;52.74;4.2662;8.551;114.715
1913;52.74;4.2712;8.556;114.775
1914;52.74;4.2762;8.561;114.835
1915;52.74;4.2812;8.566;114.895
1916;52.72;4.2862;8.571;114.955
1917;52.72;4.2912;8.576;115.015
1918;52.74;4.2962;8.581;115.075
1919;52.72;4.3012;8.586;115.135
1920;52.72;4.3062;8.591;115.195
1921;52.72;4.3112;8.596;115.255
1922;52.72;4.3162;8.601;115.315
1923;52.72;4.3212;8.606;115.375
1924;52.72;4.3262;8.611;115.435
1925;52.72;4.3312;8.616;115.495
1926;52.7;4.3362;8.621;115.555
1927;52.7;4.3412;8.626;115.615
1928;52.7;4.3462;8.631;115.675
1929;52.7;4.3512;8.636;115.735
1930;52.7;4.3562;8.641;115.795
1931;52.7;4.3612;8.646;115.855
1932;52.7;4.3662;8.651;115.915
1933;52.7;4.3712;8.656;115.975
1934;52.7;4.3762;8.661;116.035
1935;52.68;4.3812;8.666;116.095
1936;52.68;4.3862;8.671;116.155
1937;52.68;4.3912;8.676;116.215
1938;52.68;4.3962;8.681;116.275
1939;52.68;4.4012;8.686;116.335
1940;52.68;4.4062;8.691;116.395
1941;52.66;4.4112;8.696;116.455
1942;52.66;4.4162;8.701;116.515
1943;52.66;4.4212;8.706;116.575
1944;52.66;4.4262;8.711;116.635
1945;52.64;4.4324;8.717;116.695
1946;52.64;4.4374;8.722;116.755
1947;52.64;4.4424;8.727;116.815
1948;52.64;4.4474;8.733;116.875
1949;52.64;4.4524;8.738;116.935
1950;52.64;4.4574;8.742;116.995
1951;52.64;4.4624;8.747;117.055
1952;52.62;4.4674;8.752;117.115
1953;52.62;4.4724;8.757;117.175
1954;52.62;4.4774;8.762;117.235
1955;52.62;4.4824;8.767;117.295
1956;52.6;4.4874;8.773;117.355
1957;52.6;4.4924;8.778;117.415
1958;52.6;4.4974;8.783;117.475
1959;52.6;4.5024;8.787;117.535
1960;52.58;4.5074;8.792;117.595
1961;52.58;4.5124;8.797;117.655
1962;52.58;4.5174;8.802;117.715
1963;52.58;4.5224;8.807;117.775
1964;52.56;4.5274;8.812;117.835
1965;52.56;4.5324;8.818;117.895
1966;52.56;4.5374;8.823;117.955
1967;52.56;4.5424;8.827;118.015
1968;52.54;4.5474;8.832;118.075
1969;52.54;4.5524;8.837;118.135
1970;52.54;4.5574;8.842;118.195
1971;52.54;4.5624;8.847;118.255
1972;52.52;4.5674;8.852;118.315
1973;52.52;4.5724;8.858;118.375
1974;52.52;4.5774;8.863;118.435
1975;52.5;4.5824;8.867;118.495
1976;52.5;4.5874;8.872;118.555
1977;52.48;4.5924;8.877;118.615
1978;52.48;4.5974;8.882;118.675
1979;52.48;4.6024;8.887;118.735
1980;52.46;4.6074;8.892;118.795
1981;52.46;4.6124;8.898;118.855
1982;52.46;4.6174;8.903;118.915
1983;52.44;4.6224;8.908;118.975
1984;52.44;4.6274;8.912;119.035
1985;52.44;4.6324;8.917;119.095
1986;52.42;4.6374;8.922;119.155
1987;52.42;4.6424;8.927;119.215
1988;52.4;4.6474;8.932;119.275
1989;52.4;4.6524;8.938;119.335
1990;52.38;4.6574;8.943;119.395
1991;52.38;4.6624;8.948;119.455
1992;52.36;4.6674;8.952;119.515
1993;52.36;4.6724;8.957;119.575
1994;52.36;4.6774;8.962;119.635
1995;52.34;4.6824;8.967;119.695
1996;52.34;4.6874;8.972;119.755
1997;52.32;4.6924;8.977;119.815
1998;52.32;4.6974;8.983;119.875
1999;52.3;4.7024;8.988;119.935
2000;52.3;4.7074;8.992;119.995
2001;52.28;4.7124;8.997;120.055
2002;52.28;4.7174;9.002;120.115
2003;52.26;4.7224;9.007;120.175
2004;52.26;4.7274;9.012;120.235
2005;52.24;4.7324;9.017;120.295
2006;52.24;4.7387;9.024;120.355
2007;52.22;4.7424;9.028;120.415
2008;52.2;4.7487;9.034;120.475
2009;52.2;4.7537;9.039;120.535
2010;52.18;4.7587;9.044;120.595
2011;52.18;4.7637;9.049;120.655
2012;52.16;4.7687;9.054;120.715
2013;52.14;4.7737;9.059;120.775
2014;52.14;4.7787;9.064;120.835
2015;52.12;4.7837;9.069;120.895
2016;52.12;4.7887;9.074;120.955
2017;52.1;4.7937;9.079;121.015
2018;52.08;4.7987;9.084;121.075
2019;52.06;4.8037;9.089;121.135
2020;52.06;4.8087;9.094;121.195
2021;52.04;4.8137;9.099;121.255
2022;52.02;4.8187;9.104;121.315
2023;52.02;4.8237;9.109;121.375
2024;52;4.8287;9.114;121.435
2025;51.98;4.8337;9.119;121.495
2026;51.98;4.8387;9.124;121.555
2027;51.96;4.8437;9.129;121.615
2028;51.92;4.8499;9.135;121.675
2029;51.4;4.8549;9.14;121.735
2030;51.5;4.8599;9.145;121.795
2031;51.6;4.8649;9.15;121.855
2032;51.68;4.8699;9.155;121.915
2033;51.76;4.8749;9.16;121.975
2034;51.82;4.8799;9.165;122.035
2035;51.84;4.8849;9.17;122.095
2036;51.86;4.8899;9.175;122.155
2037;51.88;4.8949;9.18;122.215
2038;51.88;4.8999;9.185;122.275
2039;51.86;4.9049;9.19;122.335
2040;51.86;4.9099;9.195;122.395
2041;51.84;4.9149;9.2;122.455
2042;51.82;4.9199;9.205;122.515
2043;51.8;4.9249;9.21;122.575
2044;51.78;4.9299;9.215;122.635
2045;51.76;4.9349;9.22;122.695
2046;51.74;4.9399;9.225;122.755
2047;51.72;4.9449;9.23;122.815
2048;51.7;4.9499;9.235;122.875
2049;51.68;4.9549;9.24;122.935
2050;51.66;4.9599;9.245;122.995
2051;51.64;4.9649;9.25;123.055
2052;51.62;4.9699;9.255;123.115
2053;51.6;4.9749;9.26;123.175
2054;51.58;4.9799;9.265;123.235
2055;51.58;4.9849;9.27;123.295
2056;51.54;4.9899;9.275;123.355
2057;51.54;4.9949;9.28;123.415
2058;51.52;4.9999;9.285;123.475
2059;51.5;5.0049;9.29;123.535
2060;51.48;5.0099;9.295;123.595
2061;51.46;5.0149;9.3;123.655
2062;51.44;5.0199;9.305;123.715
2063;51.42;5.0249;9.31;123.775
2064;51.4;5.0299;9.315;123.835
2065;51.38;5.0349;9.32;123.895
2066;51.36;5.0399;9.325;123.955
2067;51.34;5.0449;9.33;124.015
2068;51.34;5.0499;9.335;124.075
2069;51.32;5.0549;9.34;124.135
2070;51.3;5.0612;9.346;124.195
2071;51.28;5.0649;9.35;124.255
2072;51.26;5.0712;9.356;124.315
2073;51.24;5.0749;9.36;124.375
2074;51.22;5.0812;9.366;124.435
2075;51.2;5.0849;9.37;124.495
2076;51.18;5.0912;9.376;124.555
2077;51.16;5.0949;9.38;124.615
2078;51.14;5.1012;9.386;124.675
2079;51.12;5.1049;9.39;124.735
2080;51.1;5.1112;9.396;124.795
2081;51.08;5.1149;9.4;124.855
2082;51.06;5.1212;9.406;124.915
2083;51.04;5.1249;9.41;124.975
2084;51;5.1299;9.415;125.035
2085;51;5.1349;9.42;125.095
2086;50.98;5.1399;9.425;125.155
2087;50.96;5.1449;9.43;125.215
2088;50.94;5.1499;9.435;125.275
2089;50.92;5.1549;9.44;125.335
2090;50.9;5.1599;9.445;125.395
2091;50.88;5.1649;9.45;125.455
2092;50.86;5.1712;9.456;125.515
2093;50.84;5.1749;9.46;125.575
2094;50.82;5.1812;9.466;125.635
2095;50.8;5.1849;9.47;125.695
2096;50.78;5.1912;9.476;125.755
2097;50.74;5.1949;9.48;125.815
2098;50.74;5.2012;9.486;125.875
2099;50.7;5.2049;9.49;125.935
2100;50.68;5.2112;9.496;125.995
2101;50.66;5.2162;9.501;126.055
2102;50.64;5.2212;9.506;126.115
2103;50.62;5.2262;9.511;126.175
2104;50.6;5.2312;9.516;126.235
2105;50.58;5.2362;9.521;126.295
2106;50.56;5.2412;9.526;126.355
2107;50.54;5.2449;9.53;126.415
2108;50.52;5.2512;9.536;126.475
2109;50.5;5.2562;9.541;126.535
2110;50.48;5.2612;9.546;126.595
2111;50.46;5.2662;9.551;126.655
2112;50.44;5.2712;9.556;126.715
2113;50.42;5.2762;9.561;126.775
2114;50.4;5.2812;9.566;126.835
2115;50.36;5.2862;9.571;126.895
2116;50.34;5.2912;9.576;126.955
2117;50.34;5.2962;9.581;127.015
2118;50.3;5.3012;9.586;127.075
2119;50.3;5.3062;9.591;127.135
2120;50.26;5.3112;9.596;127.195
2121;50.24;5.3162;9.601;127.255
2122;50.22;5.3212;9.606;127.315
2123;50.2;5.3262;9.611;127.375
2124;50.18;5.3312;9.616;127.435
2125;50.16;5.3362;9.621;127.495
2126;50.14;5.3412;9.626;127.555
2127;50.12;5.3462;9.631;127.615
2128;50.1;5.3512;9.636;127.675
2129;50.06;5.3562;9.641;127.735
2130;50.04;5.3612;9.646;127.795
2131;50.02;5.3662;9.651;127.855
2132;50;5.3712;9.656;127.915
2133;49.98;5.3762;9.661;127.975
2134;49.96;5.3812;9.666;128.035
2135;49.94;5.3862;9.671;128.095
2136;49.92;5.3912;9.676;128.155
2137;49.88;5.3962;9.681;128.215
2138;49.86;5.4012;9.686;128.275
2139;49.84;5.4062;9.691;128.335
2140;49.82;5.4112;9.696;128.395
2141;49.8;5.4162;9.701;128.455
2142;49.78;5.4212;9.706;128.515
2143;49.76;5.4262;9.711;128.575
2144;49.74;5.4312;9.716;128.635
2145;49.7;5.4362;9.721;128.695
2146;49.68;5.4412;9.726;128.755
2147;49.66;5.4462;9.731;128.815
2148;49.64;5.4512;9.736;128.875
2149;49.62;5.4562;9.741;128.935
2150;49.6;5.4612;9.746;128.995
2151;49.58;5.4662;9.751;129.055
2152;49.56;5.4712;9.756;129.115
2153;49.52;5.4762;9.761;129.175
2154;49.5;5.4812;9.766;129.235
2155;49.48;5.4862;9.771;129.295
2156;49.46;5.4912;9.776;129.355
2157;49.44;5.4962;9.781;129.415
2158;49.42;5.5012;9.786;129.475
2159;49.38;5.5062;9.791;129.535
2160;49.36;5.5112;9.796;129.595
2161;49.34;5.5162;9.801;129.655
2162;49.32;5.5212;9.806;129.715
2163;49.3;5.5262;9.811;129.775
2164;49.28;5.5312;9.816;129.835
2165;49.24;5.5362;9.821;129.895
2166;49.22;5.5412;9.826;129.955
2167;49.2;5.5462;9.831;130.015
2168;49.18;5.5512;9.836;130.075
2169;49.16;5.5562;9.841;130.135
2170;49.12;5.5612;9.846;130.195
2171;49.1;5.5662;9.851;130.255
2172;49.08;5.5724;9.858;130.315
2173;49.06;5.5762;9.861;130.375
2174;49.04;5.5824;9.867;130.435
2175;49.02;5.5874;9.872;130.495
2176;48.98;5.5924;9.877;130.555
2177;48.96;5.5974;9.882;130.615
2178;48.94;5.6024;9.887;130.675
2179;48.92;5.6074;9.892;130.735
2180;48.9;5.6124;9.898;130.795
2181;48.86;5.6162;9.901;130.855
2182;48.84;5.6212;9.906;130.915
2183;48.82;5.6262;9.911;130.975
2184;48.8;5.6312;9.916;131.035
2185;48.76;5.6362;9.921;131.095
2186;48.74;5.6424;9.927;131.155
2187;48.72;5.6462;9.931;131.215
2188;48.7;5.6524;9.938;131.275
2189;48.68;5.6574;9.943;131.335
2190;48.64;5.6624;9.948;131.395
2191;48.62;5.6674;9.952;131.455
2192;48.6;5.6724;9.957;131.515
2193;48.58;5.6774;9.962;131.575
2194;48.56;5.6824;9.967;131.635
2195;48.52;5.6874;9.972;131.695
2196;48.5;5.6924;9.977;131.755
2197;48.48;5.6974;9.983;131.815
2198;48.46;5.7024;9.988;131.875
2199;48.44;5.7074;9.992;131.935
2200;48.4;5.7124;9.997;131.995
2201;48.38;5.7174;10.002;132.055
2202;48.36;5.7224;10.007;132.115
2203;48.32;5.7274;10.012;132.175
2204;48.3;5.7324;10.017;132.235
2205;48.28;5.7374;10.023;132.295
2206;48.26;5.7424;10.028;132.355
2207;48.24;5.7474;10.032;132.415
2208;48.2;5.7524;10.037;132.475
2209;48.18;5.7574;10.042;132.535
2210;48.16;5.7624;10.047;132.595
2211;48.12;5.7674;10.052;132.655
2212;48.1;5.7724;10.057;132.715
2213;48.08;5.7774;10.062;132.775
2214;48.06;5.7824;10.068;132.835
2215;48.02;5.7874;10.073;132.895
2216;48;5.7924;10.077;132.955
2217;47.98;5.7974;10.082;133.015
2218;47.94;5.8024;10.087;133.075
2219;47.92;5.8074;10.092;133.135
2220;47.9;5.8124;10.097;133.195
2221;47.88;5.8174;10.102;133.255
2222;47.86;5.8224;10.108;133.315
2223;47.82;5.8274;10.113;133.375
2224;47.8;5.8324;10.117;133.435
2225;47.78;5.8374;10.122;133.495
2226;47.74;5.8437;10.129;133.555
2227;47.72;5.8474;10.132;133.615
2228;47.7;5.8537;10.139;133.675
2229;47.68;5.8587;10.144;133.735
2230;47.66;5.8637;10.149;133.795
2231;47.62;5.8687;10.154;133.855
2232;47.6;5.8737;10.159;133.915
2233;47.58;5.8787;10.164;133.975
2234;47.54;5.8837;10.169;134.035
2235;47.52;5.8887;10.174;134.095
2236;47.5;5.8937;10.179;134.155
2237;47.46;5.8987;10.184;134.215
2238;47.44;5.9037;10.189;134.275
2239;47.4;5.9087;10.194;134.335
2240;47.38;5.9137;10.199;134.395
2241;47.36;5.9187;10.204;134.455
2242;47.32;5.9237;10.209;134.515
2243;47.3;5.9287;10.214;134.575
2244;47.28;5.9337;10.219;134.635
2245;47.26;5.9387;10.224;134.695
2246;47.22;5.9437;10.229;134.755
2247;47.2;5.9487;10.234;134.815
2248;47.18;5.9537;10.239;134.875
2249;47.14;5.9587;10.244;134.935
2250;47.12;5.9637;10.249;134.995
2251;47.08;5.9687;10.254;135.055
2252;47.06;5.9737;10.259;135.115
2253;47.04;5.9787;10.264;135.175
2254;47.02;5.9837;10.269;135.235
2255;46.98;5.9887;10.274;135.295
2256;46.96;5.9937;10.279;135.355
2257;46.94;5.9987;10.284;135.415
2258;46.9;6.0037;10.289;135.475
2259;46.88;6.0087;10.294;135.535
2260;46.86;6.0137;10.299;135.595
2261;46.82;6.0187;10.304;135.655
2262;46.8;6.0237;10.309;135.715
2263;46.78;6.0287;10.314;135.775
2264;46.74;6.0337;10.319;135.835
2265;46.72;6.0387;10.324;135.895
2266;46.68;6.0437;10.329;135.955
2267;46.66;6.0487;10.334;136.015
2268;46.64;6.0537;10.339;136.075
2269;46.6;6.0599;10.345;136.135
2270;46.58;6.0637;10.349;136.195
2271;46.56;6.0699;10.355;136.255
2272;46.52;6.0737;10.359;136.315
2273;46.5;6.0787;10.364;136.375
2274;46.46;6.0837;10.369;136.435
2275;46.44;6.0887;10.374;136.495
2276;46.4;6.0937;10.379;136.555
2277;46.38;6.0987;10.384;136.615
2278;46.36;6.1037;10.389;136.675
2279;46.32;6.1087;10.394;136.735
2280;46.3;6.1137;10.399;136.795
2281;46.26;6.1187;10.404;136.855
2282;46.24;6.1237;10.409;136.915
2283;46.22;6.1287;10.414;136.975
2284;46.2;6.1337;10.419;137.035
2285;46.16;6.1387;10.424;137.095
2286;46.14;6.1437;10.429;137.155
2287;46.1;6.1499;10.435;137.215
2288;46.08;6.1537;10.439;137.275
2289;46.04;6.1587;10.444;137.335
2290;46.02;6.1649;10.45;137.395
2291;46;6.1699;10.455;137.455
2292;45.96;6.1749;10.46;137.515
2293;45.94;6.1799;10.465;137.575
2294;45.9;6.1849;10.47;137.635
2295;45.88;6.1899;10.475;137.695
2296;45.84;6.1949;10.48;137.755
2297;45.82;6.1999;10.485;137.815
2298;45.78;6.2049;10.49;137.875
2299;45.76;6.2099;10.495;137.935
2300;45.74;6.2149;10.5;137.995
2301;45.7;6.2199;10.505;138.055
2302;45.68;6.2249;10.51;138.115
2303;45.64;6.2299;10.515;138.175
2304;45.62;6.2349;10.52;138.235
2305;45.58;6.2399;10.525;138.295
2306;45.56;6.2449;10.53;138.355
2307;45.52;6.2499;10.535;138.415
2308;45.5;6.2549;10.54;138.475
2309;45.46;6.2599;10.545;138.535
2310;45.44;6.2649;10.55;138.595
2311;45.42;6.2699;10.555;138.655
2312;45.38;6.2749;10.56;138.715
2313;45.34;6.2799;10.565;138.775
2314;45.32;6.2849;10.57;138.835
2315;45.3;6.2899;10.575;138.895
2316;45.28;6.2949;10.58;138.955
2317;45.24;6.2999;10.585;139.015
2318;45.22;6.3049;10.59;139.075
2319;45.18;6.3099;10.595;139.135
2320;45.16;6.3149;10.6;139.195
2321;45.12;6.3212;10.606;139.255
2322;45.1;6.3249;10.61;139.315
2323;45.06;6.3312;10.616;139.375
2324;45.04;6.3349;10.62;139.435
2325;45;6.3412;10.626;139.495
2326;44.96;6.3449;10.63;139.555
2327;44.94;6.3512;10.636;139.615
2328;44.92;6.3549;10.64;139.675
2329;44.88;6.3612;10.646;139.735
2330;44.86;6.3649;10.65;139.795
2331;44.82;6.3712;10.656;139.855
2332;44.8;6.3749;10.66;139.915
2333;44.76;6.3812;10.666;139.975
2334;44.74;6.3849;10.67;140.035
2335;44.7;6.3912;10.676;140.095
2336;44.68;6.3949;10.68;140.155
2337;44.64;6.4012;10.686;140.215
2338;44.62;6.4049;10.69;140.275
2339;44.58;6.4112;10.696;140.335
2340;44.54;6.4162;10.701;140.395
2341;44.52;6.4212;10.706;140.455
2342;44.48;6.4262;10.711;140.515
2343;44.46;6.4312;10.716;140.575
2344;44.42;6.4362;10.721;140.635
2345;44.4;6.4412;10.726;140.695
2346;44.36;6.4462;10.731;140.755
2347;44.34;6.4512;10.736;140.815
2348;44.3;6.4562;10.741;140.875
2349;44.26;6.4612;10.746;140.935
2350;44.24;6.4662;10.751;140.995
2351;44.2;6.4712;10.756;141.055
2352;44.18;6.4762;10.761;141.115
2353;44.14;6.4812;10.766;141.175
2354;44.1;6.4862;10.771;141.235
2355;44.08;6.4912;10.776;141.295
2356;44.04;6.4962;10.781;141.355
2357;44.02;6.5012;10.786;141.415
2358;43.98;6.5062;10.791;141.475
2359;43.96;6.5112;10.796;141.535
2360;43.92;6.5162;10.801;141.595
2361;43.88;6.5212;10.806;141.655
2362;43.86;6.5262;10.811;141.715
2363;43.82;6.5312;10.816;141.775
2364;43.78;6.5362;10.821;141.835
2365;43.76;6.5412;10.826;141.895
2366;43.72;6.5462;10.831;141.955
2367;43.68;6.5512;10.836;142.015
2368;43.66;6.5562;10.841;142.075
2369;43.62;6.5612;10.846;142.135
2370;43.6;6.5662;10.851;142.195
2371;43.56;6.5724;10.858;142.255
2372;43.52;6.5762;10.861;142.315
2373;43.48;6.5824;10.867;142.375
2374;43.46;6.5874;10.872;142.435
2375;43.42;6.5924;10.877;142.495
2376;43.4;6.5974;10.882;142.555
2377;43.36;6.6024;10.887;142.615
2378;43.32;6.6074;10.892;142.675
2379;43.28;6.6124;10.898;142.735
2380;43.26;6.6174;10.903;142.795
2381;43.22;6.6224;10.907;142.855
2382;43.18;6.6274;10.912;142.915
2383;43.16;6.6324;10.917;142.975
2384;43.12;6.6374;10.922;143.035
2385;43.1;6.6424;10.927;143.095
2386;43.06;6.6474;10.932;143.155
2387;43.02;6.6524;10.938;143.215
2388;43;6.6574;10.943;143.275
2389;42.96;6.6624;10.948;143.335
2390;42.92;6.6674;10.952;143.395
2391;42.88;6.6724;10.957;143.455
2392;42.86;6.6774;10.962;143.515
2393;42.82;6.6824;10.967;143.575
2394;42.78;6.6874;10.972;143.635
2395;42.74;6.6924;10.977;143.695
2396;42.7;6.6974;10.983;143.755
2397;42.68;6.7024;10.988;143.815
2398;42.64;6.7074;10.992;143.875
2399;42.62;6.7124;10.997;143.935
2400;42.58;6.7174;11.002;143.995
2401;42.54;6.7224;11.007;144.055
2402;42.5;6.7274;11.012;144.115
2403;42.46;6.7324;11.017;144.175
2404;42.44;6.7374;11.023;144.235
2405;42.4;6.7424;11.028;144.295
2406;42.36;6.7474;11.032;144.355
2407;42.32;6.7524;11.037;144.415
2408;42.3;6.7574;11.042;144.475
2409;42.26;6.7624;11.047;144.535
2410;42.22;6.7687;11.054;144.595
2411;42.18;6.7737;11.059;144.655
2412;42.14;6.7787;11.064;144.715
2413;42.12;6.7837;11.069;144.775
2414;42.08;6.7887;11.074;144.835
2415;42.04;6.7937;11.079;144.895
2416;42;6.7987;11.084;144.955
2417;41.96;6.8037;11.089;145.015
2418;41.94;6.8087;11.094;145.075
2419;41.9;6.8137;11.099;145.135
2420;41.86;6.8187;11.104;145.195
2421;41.82;6.8237;11.109;145.255
2422;41.8;6.8287;11.114;145.315
2423;41.76;6.8337;11.119;145.375
2424;41.72;6.8387;11.124;145.435
2425;41.68;6.8437;11.129;145.495
2426;41.64;6.8462;11.131;145.555
2427;41.6;6.8524;11.137;145.615
2428;41.56;6.8574;11.142;145.675
2429;41.54;6.8624;11.148;145.735
2430;41.5;6.8674;11.153;145.795
2431;41.46;6.8724;11.157;145.855
2432;41.44;6.8774;11.162;145.915
2433;41.4;6.8824;11.167;145.975
2434;41.36;6.8874;11.172;146.035
2435;41.32;6.8924;11.177;146.095
2436;41.28;6.8974;11.182;146.155
2437;41.24;6.9024;11.188;146.215
2438;41.2;6.9074;11.193;146.275
2439;41.16;6.9124;11.197;146.335
2440;41.12;6.9174;11.202;146.395
2441;41.1;6.9224;11.207;146.455
2442;41.04;6.9274;11.212;146.515
2443;41.02;6.9324;11.217;146.575
2444;40.98;6.9374;11.222;146.635
2445;40.94;6.9424;11.227;146.695
2446;40.9;6.9474;11.233;146.755
2447;40.86;6.9524;11.238;146.815
2448;40.82;6.9574;11.242;146.875
2449;40.78;6.9624;11.247;146.935
2450;40.74;6.9674;11.252;146.995
2451;40.7;6.9724;11.257;147.055
2452;40.66;6.9774;11.262;147.115
2453;40.62;6.9824;11.267;147.175
2454;40.58;6.9874;11.273;147.235
2455;40.54;6.9924;11.278;147.295
2456;40.52;6.9974;11.282;147.355
2457;40.48;7.0024;11.287;147.415
2458;40.44;7.0074;11.292;147.475
2459;40.4;7.0124;11.297;147.535
2460;40.34;7.0174;11.302;147.595
2461;40.32;7.0224;11.307;147.655
2462;40.28;7.0274;11.312;147.715
2463;40.24;7.0337;11.319;147.775
2464;40.2;7.0374;11.322;147.835
2465;40.16;7.0437;11.329;147.895
2466;40.12;7.0487;11.334;147.955
2467;40.08;7.0537;11.339;148.015
2468;40.04;7.0587;11.344;148.075
2469;40;7.0637;11.349;148.135
2470;39.96;7.0687;11.354;148.195
2471;39.92;7.0737;11.359;148.255
2472;39.88;7.0787;11.364;148.315
2473;39.84;7.0837;11.369;148.375
2474;39.8;7.0887;11.374;148.435
2475;39.76;7.0937;11.379;148.495
2476;39.72;7.0987;11.384;148.555
2477;39.68;7.1037;11.389;148.615
2478;39.64;7.1087;11.394;148.675
2479;39.6;7.1137;11.399;148.735
2480;39.56;7.1187;11.404;148.795
2481;39.5;7.1237;11.409;148.855
2482;39.48;7.1287;11.414;148.915
2483;39.44;7.1337;11.419;148.975
2484;39.38;7.1387;11.424;149.035
2485;39.34;7.1437;11.429;149.095
2486;39.3;7.1487;11.434;149.155
2487;39.26;7.1537;11.439;149.215
2488;39.22;7.1587;11.444;149.275
2489;39.18;7.1637;11.449;149.335
2490;39.14;7.1687;11.454;149.395
2491;39.1;7.1737;11.459;149.455
2492;39.04;7.1787;11.464;149.515
2493;39;7.1837;11.469;149.575
2494;38.96;7.1887;11.474;149.635
2495;38.92;7.1937;11.479;149.695
2496;38.88;7.1987;11.484;149.755
2497;38.84;7.2037;11.489;149.815
2498;38.8;7.2087;11.494;149.875
2499;38.76;7.2137;11.499;149.935
2500;38.72;7.2187;11.504;149.995
2501;38.66;7.2237;11.509;150.055
2502;38.62;7.2287;11.514;150.115
2503;38.58;7.2337;11.519;150.175
2504;38.54;7.2387;11.524;150.235
2505;38.48;7.2437;11.529;150.295
2506;38.44;7.2487;11.534;150.355
2507;38.4;7.2537;11.539;150.415
2508;38.36;7.2587;11.544;150.475
2509;38.3;7.2637;11.549;150.535
2510;38.26;7.2687;11.554;150.595
2511;38.22;7.2737;11.559;150.655
2512;38.18;7.2799;11.565;150.715
2513;38.14;7.2849;11.57;150.775
2514;38.08;7.2887;11.574;150.835
2515;38.04;7.2949;11.58;150.895
2516;38;7.2987;11.584;150.955
2517;37.96;7.3049;11.59;151.015
2518;37.9;7.3099;11.595;151.075
2519;37.86;7.3149;11.6;151.135
2520;37.82;7.3199;11.605;151.195
2521;37.76;7.3249;11.61;151.255
2522;37.72;7.3299;11.615;151.315
2523;37.68;7.3337;11.619;151.375
2524;37.64;7.3399;11.625;151.435
2525;37.58;7.3449;11.63;151.495
2526;37.54;7.3499;11.635;151.555
2527;37.5;7.3549;11.64;151.615
2528;37.44;7.3599;11.645;151.675
2529;37.4;7.3649;11.65;151.735
2530;37.36;7.3699;11.655;151.795
2531;37.32;7.3749;11.66;151.855
2532;37.26;7.3799;11.665;151.915
2533;37.22;7.3849;11.67;151.975
2534;37.16;7.3899;11.675;152.035
2535;37.12;7.3949;11.68;152.095
2536;37.08;7.3999;11.685;152.155
2537;37.02;7.4049;11.69;152.215
2538;36.98;7.4099;11.695;152.275
2539;36.92;7.4149;11.7;152.335
2540;36.88;7.4199;11.705;152.395
2541;36.84;7.4249;11.71;152.455
2542;36.78;7.4299;11.715;152.515
2543;36.74;7.4349;11.72;152.575
2544;36.68;7.4399;11.725;152.635
2545;36.64;7.4449;11.73;152.695
2546;36.58;7.4499;11.735;152.755
2547;36.54;7.4549;11.74;152.815
2548;36.48;7.4599;11.745;152.875
2549;36.44;7.4649;11.75;152.935
2550;36.38;7.4699;11.755;152.995
2551;36.34;7.4749;11.76;153.055
2552;36.28;7.4799;11.765;153.115
2553;36.24;7.4849;11.77;153.175
2554;36.18;7.4899;11.775;153.235
2555;36.14;7.4949;11.78;153.295
2556;36.1;7.5012;11.786;153.355
2557;36.04;7.5049;11.79;153.415
2558;36;7.5112;11.796;153.475
2559;35.94;7.5149;11.8;153.535
2560;35.9;7.5212;11.806;153.595
2561;35.84;7.5249;11.81;153.655
2562;35.8;7.5312;11.816;153.715
2563;35.74;7.5349;11.82;153.775
2564;35.68;7.5412;11.826;153.835
2565;35.64;7.5449;11.83;153.895
2566;35.58;7.5512;11.836;153.955
2567;35.54;7.5562;11.841;154.015
2568;35.48;7.5612;11.846;154.075
2569;35.44;7.5662;11.851;154.135
2570;35.38;7.5712;11.856;154.195
2571;35.32;7.5762;11.861;154.255
2572;35.28;7.5812;11.866;154.315
2573;35.22;7.5862;11.871;154.375
2574;35.18;7.5912;11.876;154.435
2575;35.12;7.5962;11.881;154.495
2576;35.06;7.6012;11.886;154.555
2577;35.02;7.6062;11.891;154.615
2578;34.96;7.6112;11.896;154.675
2579;34.9;7.6162;11.901;154.735
2580;34.86;7.6212;11.906;154.795
2581;34.8;7.6262;11.911;154.855
2582;34.74;7.6312;11.916;154.915
2583;34.7;7.6362;11.921;154.975
2584;34.64;7.6412;11.926;155.035
2585;34.58;7.6462;11.931;155.095
2586;34.52;7.6512;11.936;155.155
2587;34.48;7.6562;11.941;155.215
2588;34.42;7.6612;11.946;155.275
2589;34.36;7.6662;11.951;155.335
2590;34.3;7.6712;11.956;155.395
2591;34.26;7.6762;11.961;155.455
2592;34.2;7.6812;11.966;155.515
2593;34.14;7.6862;11.971;155.575
2594;30.66;7.7087;11.994;155.635
2595;0.82;7.7099;11.995;155.695
2596;0.02;7.7037;11.989;155.755
2597;0;7.7087;11.994;155.815
2598;0;7.7112;11.996;155.875
2599;0;7.7162;12.001;155.935
2600;0;7.7212;12.006;155.995
2601;0;7.7262;12.011;156.055
2602;0;7.7312;12.016;156.115
2603;0;7.7362;12.021;156.175
2604;0.02;7.7412;12.026;156.235
2605;0.02;7.7462;12.031;156.295
2606;0.02;7.7512;12.036;156.355
2607;0.02;7.7562;12.041;156.415
2608;0;7.7612;12.046;156.475
2609;0.02;7.7662;12.051;156.535
2610;0.02;7.7712;12.056;156.595
2611;0.02;7.7762;12.061;156.655
2612;0.02;7.7812;12.066;156.715
2613;0.02;7.7862;12.071;156.775
2614;0.02;7.7912;12.076;156.835
2615;0.02;7.7962;12.081;156.895
2616;0.02;7.8012;12.086;156.955
2617;0.02;7.8062;12.091;157.015
2618;0.02;7.8112;12.096;157.075
2619;0.02;7.8162;12.101;157.135
2620;0.02;7.8212;12.106;157.195
2621;0.02;7.8262;12.111;157.255
2622;0.02;7.8312;12.116;157.315
2623;0.02;7.8362;12.121;157.375
2624;0.02;7.8412;12.126;157.435
2625;0.02;7.8462;12.131;157.495
2626;0.02;7.8512;12.136;157.555
2627;0;7.8562;12.141;157.615
2628;0.02;7.8599;12.145;157.675
2629;0.02;7.8662;12.151;157.735
2630;0.02;7.8699;12.155;157.795
2631;0.02;7.8749;12.16;157.855
2632;0.02;7.8799;12.165;157.915
2633;0.02;7.8849;12.17;157.975
2634;0;7.8899;12.175;158.035
2635;0.02;7.8949;12.18;158.095
2636;0.02;7.8999;12.185;158.155
2637;0.02;7.9049;12.19;158.215
2638;0.02;7.9099;12.195;158.275
2639;0.02;7.9149;12.2;158.335
2640;0;7.9199;12.205;158.395
2641;0.02;7.9249;12.21;158.455
2642;0.02;7.9299;12.215;158.515
2643;0;7.9362;12.221;158.575
2644;0;7.9399;12.225;158.635
2645;0;7.9462;12.231;158.695
2646;0;7.9499;12.235;158.755
